25,0,0,0,0,5,0,0,0
25,0,5,0,0,5,25,0,0
25,25,0,25,0,5,25,25,5
25,25,0,25,0,0,25,0,5
0,25,0,0,0,5,0,25,5
0,25,0,0,0,0,0,0,5
0,0,0,25,25,0,0,25,0
0,0,0,25,0,0,25,25,0
25,25,0,0,25,5,0,25,0
25,25,5,0,25,5,25,25,0
0,0,5,25,25,5,0,25,5
0,0,5,25,0,5,25,25,5
5,17.4,1.2,5,17.4,0,6.2,17.4,0
5.96,17.4,1.2,5,17.4,1.2,6.2,17.4,0
5.96,17.4,2,5.96,17.4,1.2,6.2,17.4,0
6.2,17.4,2.2,5.96,17.4,2,6.2,17.4,0
6.2,17.4,2.2,6.2,17.4,0,6.2,17.6,1.2
6.2,17.6,1.2,6.2,17.6,2.2,6.2,17.4,2.2
6.2,17.6,2.2,5,17.6,2.2,6.2,17.4,2.2
5,17.6,2.2,5,17.4,2.2,6.2,17.4,2.2
5,17.4,2.2,5,17.4,2,6.2,17.4,2.2
5,17.4,2,5.96,17.4,2,6.2,17.4,2.2
5,17.6,2,5.96,17.4,2,5,17.4,2
5,17.4,2,5,17.4,2.2,5,17.6,2
5,17.6,2,5,17.4,2.2,5,17.6,2.2
5,17.6,2,5,17.6,2.2,5.96,17.6,2
5.96,17.6,2,5.96,17.4,2,5,17.6,2
5.96,17.6,2,5.96,17.6,1.2,5.96,17.4,2
5.96,17.4,2,5.96,17.6,1.2,5.96,17.4,1.2
5.96,17.4,1.2,5.96,17.6,1.2,5,18.6,1.2
5,17.4,1.2,5.96,17.4,1.2,5,18.6,1.2
5,18.6,0,5,17.4,1.2,5,18.6,1.2
5,18.6,0,5,18.6,1.2,6.2,18.6,0
6.2,17.4,0,5,18.6,0,6.2,18.6,0
6.2,17.6,1.2,6.2,17.4,0,6.2,18.6,0
6.2,18.6,1.2,6.2,17.6,1.2,6.2,18.6,0
6.2,18.6,0,5,18.6,1.2,6.2,18.6,1.2
5,18.6,1.2,5.96,17.6,1.2,6.2,18.6,1.2
6.2,18.6,1.2,5.96,17.6,1.2,6.2,17.6,1.2
5.96,17.6,2,6.2,17.6,1.2,5.96,17.6,1.2
5.96,17.6,2,6.2,17.6,2.2,6.2,17.6,1.2
5.96,17.6,2,5,17.6,2.2,6.2,17.6,2.2
5,17.4,0,5,18.6,0,6.2,17.4,0
5,17.4,0,5,17.4,1.2,5,18.6,0
6.4,17.4,1.2,6.4,17.4,0,7.6,17.4,0
7.36,17.4,1.2,6.4,17.4,1.2,7.6,17.4,0
7.36,17.4,2,7.36,17.4,1.2,7.6,17.4,0
7.6,17.4,2.2,7.36,17.4,2,7.6,17.4,0
7.6,17.4,2.2,7.6,17.4,0,7.6,17.6,1.2
7.6,17.6,1.2,7.6,17.6,2.2,7.6,17.4,2.2
7.6,17.6,2.2,6.4,17.6,2.2,7.6,17.4,2.2
6.4,17.6,2.2,6.4,17.4,2.2,7.6,17.4,2.2
6.4,17.4,2.2,6.4,17.4,2,7.6,17.4,2.2
6.4,17.4,2,7.36,17.4,2,7.6,17.4,2.2
6.4,17.6,2,7.36,17.4,2,6.4,17.4,2
6.4,17.4,2,6.4,17.4,2.2,6.4,17.6,2
6.4,17.6,2,6.4,17.4,2.2,6.4,17.6,2.2
6.4,17.6,2,6.4,17.6,2.2,7.36,17.6,2
7.36,17.6,2,7.36,17.4,2,6.4,17.6,2
7.36,17.6,2,7.36,17.6,1.2,7.36,17.4,2
7.36,17.4,2,7.36,17.6,1.2,7.36,17.4,1.2
7.36,17.4,1.2,7.36,17.6,1.2,6.4,18.6,1.2
6.4,17.4,1.2,7.36,17.4,1.2,6.4,18.6,1.2
6.4,18.6,0,6.4,17.4,1.2,6.4,18.6,1.2
6.4,18.6,0,6.4,18.6,1.2,7.6,18.6,0
7.6,17.4,0,6.4,18.6,0,7.6,18.6,0
7.6,17.6,1.2,7.6,17.4,0,7.6,18.6,0
7.6,18.6,1.2,7.6,17.6,1.2,7.6,18.6,0
7.6,18.6,0,6.4,18.6,1.2,7.6,18.6,1.2
6.4,18.6,1.2,7.36,17.6,1.2,7.6,18.6,1.2
7.6,18.6,1.2,7.36,17.6,1.2,7.6,17.6,1.2
7.36,17.6,2,7.6,17.6,1.2,7.36,17.6,1.2
7.36,17.6,2,7.6,17.6,2.2,7.6,17.6,1.2
7.36,17.6,2,6.4,17.6,2.2,7.6,17.6,2.2
6.4,17.4,0,6.4,18.6,0,7.6,17.4,0
6.4,17.4,0,6.4,17.4,1.2,6.4,18.6,0
6.4,16,1.2,6.4,16,0,7.6,16,0
7.36,16,1.2,6.4,16,1.2,7.6,16,0
7.36,16,2,7.36,16,1.2,7.6,16,0
7.6,16,2.2,7.36,16,2,7.6,16,0
7.6,16,2.2,7.6,16,0,7.6,16.2,1.2
7.6,16.2,1.2,7.6,16.2,2.2,7.6,16,2.2
7.6,16.2,2.2,6.4,16.2,2.2,7.6,16,2.2
6.4,16.2,2.2,6.4,16,2.2,7.6,16,2.2
6.4,16,2.2,6.4,16,2,7.6,16,2.2
6.4,16,2,7.36,16,2,7.6,16,2.2
6.4,16.2,2,7.36,16,2,6.4,16,2
6.4,16,2,6.4,16,2.2,6.4,16.2,2
6.4,16.2,2,6.4,16,2.2,6.4,16.2,2.2
6.4,16.2,2,6.4,16.2,2.2,7.36,16.2,2
7.36,16.2,2,7.36,16,2,6.4,16.2,2
7.36,16.2,2,7.36,16.2,1.2,7.36,16,2
7.36,16,2,7.36,16.2,1.2,7.36,16,1.2
7.36,16,1.2,7.36,16.2,1.2,6.4,17.2,1.2
6.4,16,1.2,7.36,16,1.2,6.4,17.2,1.2
6.4,17.2,0,6.4,16,1.2,6.4,17.2,1.2
6.4,17.2,0,6.4,17.2,1.2,7.6,17.2,0
7.6,16,0,6.4,17.2,0,7.6,17.2,0
7.6,16.2,1.2,7.6,16,0,7.6,17.2,0
7.6,17.2,1.2,7.6,16.2,1.2,7.6,17.2,0
7.6,17.2,0,6.4,17.2,1.2,7.6,17.2,1.2
6.4,17.2,1.2,7.36,16.2,1.2,7.6,17.2,1.2
7.6,17.2,1.2,7.36,16.2,1.2,7.6,16.2,1.2
7.36,16.2,2,7.6,16.2,1.2,7.36,16.2,1.2
7.36,16.2,2,7.6,16.2,2.2,7.6,16.2,1.2
7.36,16.2,2,6.4,16.2,2.2,7.6,16.2,2.2
6.4,16,0,6.4,17.2,0,7.6,16,0
6.4,16,0,6.4,16,1.2,6.4,17.2,0
5,16,1.2,5,16,0,6.2,16,0
5.96,16,1.2,5,16,1.2,6.2,16,0
5.96,16,2,5.96,16,1.2,6.2,16,0
6.2,16,2.2,5.96,16,2,6.2,16,0
6.2,16,2.2,6.2,16,0,6.2,16.2,1.2
6.2,16.2,1.2,6.2,16.2,2.2,6.2,16,2.2
6.2,16.2,2.2,5,16.2,2.2,6.2,16,2.2
5,16.2,2.2,5,16,2.2,6.2,16,2.2
5,16,2.2,5,16,2,6.2,16,2.2
5,16,2,5.96,16,2,6.2,16,2.2
5,16.2,2,5.96,16,2,5,16,2
5,16,2,5,16,2.2,5,16.2,2
5,16.2,2,5,16,2.2,5,16.2,2.2
5,16.2,2,5,16.2,2.2,5.96,16.2,2
5.96,16.2,2,5.96,16,2,5,16.2,2
5.96,16.2,2,5.96,16.2,1.2,5.96,16,2
5.96,16,2,5.96,16.2,1.2,5.96,16,1.2
5.96,16,1.2,5.96,16.2,1.2,5,17.2,1.2
5,16,1.2,5.96,16,1.2,5,17.2,1.2
5,17.2,0,5,16,1.2,5,17.2,1.2
5,17.2,0,5,17.2,1.2,6.2,17.2,0
6.2,16,0,5,17.2,0,6.2,17.2,0
6.2,16.2,1.2,6.2,16,0,6.2,17.2,0
6.2,17.2,1.2,6.2,16.2,1.2,6.2,17.2,0
6.2,17.2,0,5,17.2,1.2,6.2,17.2,1.2
5,17.2,1.2,5.96,16.2,1.2,6.2,17.2,1.2
6.2,17.2,1.2,5.96,16.2,1.2,6.2,16.2,1.2
5.96,16.2,2,6.2,16.2,1.2,5.96,16.2,1.2
5.96,16.2,2,6.2,16.2,2.2,6.2,16.2,1.2
5.96,16.2,2,5,16.2,2.2,6.2,16.2,2.2
5,16,0,5,17.2,0,6.2,16,0
5,16,0,5,16,1.2,5,17.2,0
5,13.4,1.2,5,13.4,0,6.2,13.4,0
5.96,13.4,1.2,5,13.4,1.2,6.2,13.4,0
5.96,13.4,2,5.96,13.4,1.2,6.2,13.4,0
6.2,13.4,2.2,5.96,13.4,2,6.2,13.4,0
6.2,13.4,2.2,6.2,13.4,0,6.2,13.6,1.2
6.2,13.6,1.2,6.2,13.6,2.2,6.2,13.4,2.2
6.2,13.6,2.2,5,13.6,2.2,6.2,13.4,2.2
5,13.6,2.2,5,13.4,2.2,6.2,13.4,2.2
5,13.4,2.2,5,13.4,2,6.2,13.4,2.2
5,13.4,2,5.96,13.4,2,6.2,13.4,2.2
5,13.6,2,5.96,13.4,2,5,13.4,2
5,13.4,2,5,13.4,2.2,5,13.6,2
5,13.6,2,5,13.4,2.2,5,13.6,2.2
5,13.6,2,5,13.6,2.2,5.96,13.6,2
5.96,13.6,2,5.96,13.4,2,5,13.6,2
5.96,13.6,2,5.96,13.6,1.2,5.96,13.4,2
5.96,13.4,2,5.96,13.6,1.2,5.96,13.4,1.2
5.96,13.4,1.2,5.96,13.6,1.2,5,14.6,1.2
5,13.4,1.2,5.96,13.4,1.2,5,14.6,1.2
5,14.6,0,5,13.4,1.2,5,14.6,1.2
5,14.6,0,5,14.6,1.2,6.2,14.6,0
6.2,13.4,0,5,14.6,0,6.2,14.6,0
6.2,13.6,1.2,6.2,13.4,0,6.2,14.6,0
6.2,14.6,1.2,6.2,13.6,1.2,6.2,14.6,0
6.2,14.6,0,5,14.6,1.2,6.2,14.6,1.2
5,14.6,1.2,5.96,13.6,1.2,6.2,14.6,1.2
6.2,14.6,1.2,5.96,13.6,1.2,6.2,13.6,1.2
5.96,13.6,2,6.2,13.6,1.2,5.96,13.6,1.2
5.96,13.6,2,6.2,13.6,2.2,6.2,13.6,1.2
5.96,13.6,2,5,13.6,2.2,6.2,13.6,2.2
5,13.4,0,5,14.6,0,6.2,13.4,0
5,13.4,0,5,13.4,1.2,5,14.6,0
6.4,13.4,1.2,6.4,13.4,0,7.6,13.4,0
7.36,13.4,1.2,6.4,13.4,1.2,7.6,13.4,0
7.36,13.4,2,7.36,13.4,1.2,7.6,13.4,0
7.6,13.4,2.2,7.36,13.4,2,7.6,13.4,0
7.6,13.4,2.2,7.6,13.4,0,7.6,13.6,1.2
7.6,13.6,1.2,7.6,13.6,2.2,7.6,13.4,2.2
7.6,13.6,2.2,6.4,13.6,2.2,7.6,13.4,2.2
6.4,13.6,2.2,6.4,13.4,2.2,7.6,13.4,2.2
6.4,13.4,2.2,6.4,13.4,2,7.6,13.4,2.2
6.4,13.4,2,7.36,13.4,2,7.6,13.4,2.2
6.4,13.6,2,7.36,13.4,2,6.4,13.4,2
6.4,13.4,2,6.4,13.4,2.2,6.4,13.6,2
6.4,13.6,2,6.4,13.4,2.2,6.4,13.6,2.2
6.4,13.6,2,6.4,13.6,2.2,7.36,13.6,2
7.36,13.6,2,7.36,13.4,2,6.4,13.6,2
7.36,13.6,2,7.36,13.6,1.2,7.36,13.4,2
7.36,13.4,2,7.36,13.6,1.2,7.36,13.4,1.2
7.36,13.4,1.2,7.36,13.6,1.2,6.4,14.6,1.2
6.4,13.4,1.2,7.36,13.4,1.2,6.4,14.6,1.2
6.4,14.6,0,6.4,13.4,1.2,6.4,14.6,1.2
6.4,14.6,0,6.4,14.6,1.2,7.6,14.6,0
7.6,13.4,0,6.4,14.6,0,7.6,14.6,0
7.6,13.6,1.2,7.6,13.4,0,7.6,14.6,0
7.6,14.6,1.2,7.6,13.6,1.2,7.6,14.6,0
7.6,14.6,0,6.4,14.6,1.2,7.6,14.6,1.2
6.4,14.6,1.2,7.36,13.6,1.2,7.6,14.6,1.2
7.6,14.6,1.2,7.36,13.6,1.2,7.6,13.6,1.2
7.36,13.6,2,7.6,13.6,1.2,7.36,13.6,1.2
7.36,13.6,2,7.6,13.6,2.2,7.6,13.6,1.2
7.36,13.6,2,6.4,13.6,2.2,7.6,13.6,2.2
6.4,13.4,0,6.4,14.6,0,7.6,13.4,0
6.4,13.4,0,6.4,13.4,1.2,6.4,14.6,0
6.4,12,1.2,6.4,12,0,7.6,12,0
7.36,12,1.2,6.4,12,1.2,7.6,12,0
7.36,12,2,7.36,12,1.2,7.6,12,0
7.6,12,2.2,7.36,12,2,7.6,12,0
7.6,12,2.2,7.6,12,0,7.6,12.2,1.2
7.6,12.2,1.2,7.6,12.2,2.2,7.6,12,2.2
7.6,12.2,2.2,6.4,12.2,2.2,7.6,12,2.2
6.4,12.2,2.2,6.4,12,2.2,7.6,12,2.2
6.4,12,2.2,6.4,12,2,7.6,12,2.2
6.4,12,2,7.36,12,2,7.6,12,2.2
6.4,12.2,2,7.36,12,2,6.4,12,2
6.4,12,2,6.4,12,2.2,6.4,12.2,2
6.4,12.2,2,6.4,12,2.2,6.4,12.2,2.2
6.4,12.2,2,6.4,12.2,2.2,7.36,12.2,2
7.36,12.2,2,7.36,12,2,6.4,12.2,2
7.36,12.2,2,7.36,12.2,1.2,7.36,12,2
7.36,12,2,7.36,12.2,1.2,7.36,12,1.2
7.36,12,1.2,7.36,12.2,1.2,6.4,13.2,1.2
6.4,12,1.2,7.36,12,1.2,6.4,13.2,1.2
6.4,13.2,0,6.4,12,1.2,6.4,13.2,1.2
6.4,13.2,0,6.4,13.2,1.2,7.6,13.2,0
7.6,12,0,6.4,13.2,0,7.6,13.2,0
7.6,12.2,1.2,7.6,12,0,7.6,13.2,0
7.6,13.2,1.2,7.6,12.2,1.2,7.6,13.2,0
7.6,13.2,0,6.4,13.2,1.2,7.6,13.2,1.2
6.4,13.2,1.2,7.36,12.2,1.2,7.6,13.2,1.2
7.6,13.2,1.2,7.36,12.2,1.2,7.6,12.2,1.2
7.36,12.2,2,7.6,12.2,1.2,7.36,12.2,1.2
7.36,12.2,2,7.6,12.2,2.2,7.6,12.2,1.2
7.36,12.2,2,6.4,12.2,2.2,7.6,12.2,2.2
6.4,12,0,6.4,13.2,0,7.6,12,0
6.4,12,0,6.4,12,1.2,6.4,13.2,0
5,12,1.2,5,12,0,6.2,12,0
5.96,12,1.2,5,12,1.2,6.2,12,0
5.96,12,2,5.96,12,1.2,6.2,12,0
6.2,12,2.2,5.96,12,2,6.2,12,0
6.2,12,2.2,6.2,12,0,6.2,12.2,1.2
6.2,12.2,1.2,6.2,12.2,2.2,6.2,12,2.2
6.2,12.2,2.2,5,12.2,2.2,6.2,12,2.2
5,12.2,2.2,5,12,2.2,6.2,12,2.2
5,12,2.2,5,12,2,6.2,12,2.2
5,12,2,5.96,12,2,6.2,12,2.2
5,12.2,2,5.96,12,2,5,12,2
5,12,2,5,12,2.2,5,12.2,2
5,12.2,2,5,12,2.2,5,12.2,2.2
5,12.2,2,5,12.2,2.2,5.96,12.2,2
5.96,12.2,2,5.96,12,2,5,12.2,2
5.96,12.2,2,5.96,12.2,1.2,5.96,12,2
5.96,12,2,5.96,12.2,1.2,5.96,12,1.2
5.96,12,1.2,5.96,12.2,1.2,5,13.2,1.2
5,12,1.2,5.96,12,1.2,5,13.2,1.2
5,13.2,0,5,12,1.2,5,13.2,1.2
5,13.2,0,5,13.2,1.2,6.2,13.2,0
6.2,12,0,5,13.2,0,6.2,13.2,0
6.2,12.2,1.2,6.2,12,0,6.2,13.2,0
6.2,13.2,1.2,6.2,12.2,1.2,6.2,13.2,0
6.2,13.2,0,5,13.2,1.2,6.2,13.2,1.2
5,13.2,1.2,5.96,12.2,1.2,6.2,13.2,1.2
6.2,13.2,1.2,5.96,12.2,1.2,6.2,12.2,1.2
5.96,12.2,2,6.2,12.2,1.2,5.96,12.2,1.2
5.96,12.2,2,6.2,12.2,2.2,6.2,12.2,1.2
5.96,12.2,2,5,12.2,2.2,6.2,12.2,2.2
5,12,0,5,13.2,0,6.2,12,0
5,12,0,5,12,1.2,5,13.2,0
5,9.4,1.2,5,9.4,0,6.2,9.4,0
5.96,9.4,1.2,5,9.4,1.2,6.2,9.4,0
5.96,9.4,2,5.96,9.4,1.2,6.2,9.4,0
6.2,9.4,2.2,5.96,9.4,2,6.2,9.4,0
6.2,9.4,2.2,6.2,9.4,0,6.2,9.6,1.2
6.2,9.6,1.2,6.2,9.6,2.2,6.2,9.4,2.2
6.2,9.6,2.2,5,9.6,2.2,6.2,9.4,2.2
5,9.6,2.2,5,9.4,2.2,6.2,9.4,2.2
5,9.4,2.2,5,9.4,2,6.2,9.4,2.2
5,9.4,2,5.96,9.4,2,6.2,9.4,2.2
5,9.6,2,5.96,9.4,2,5,9.4,2
5,9.4,2,5,9.4,2.2,5,9.6,2
5,9.6,2,5,9.4,2.2,5,9.6,2.2
5,9.6,2,5,9.6,2.2,5.96,9.6,2
5.96,9.6,2,5.96,9.4,2,5,9.6,2
5.96,9.6,2,5.96,9.6,1.2,5.96,9.4,2
5.96,9.4,2,5.96,9.6,1.2,5.96,9.4,1.2
5.96,9.4,1.2,5.96,9.6,1.2,5,10.6,1.2
5,9.4,1.2,5.96,9.4,1.2,5,10.6,1.2
5,10.6,0,5,9.4,1.2,5,10.6,1.2
5,10.6,0,5,10.6,1.2,6.2,10.6,0
6.2,9.4,0,5,10.6,0,6.2,10.6,0
6.2,9.6,1.2,6.2,9.4,0,6.2,10.6,0
6.2,10.6,1.2,6.2,9.6,1.2,6.2,10.6,0
6.2,10.6,0,5,10.6,1.2,6.2,10.6,1.2
5,10.6,1.2,5.96,9.6,1.2,6.2,10.6,1.2
6.2,10.6,1.2,5.96,9.6,1.2,6.2,9.6,1.2
5.96,9.6,2,6.2,9.6,1.2,5.96,9.6,1.2
5.96,9.6,2,6.2,9.6,2.2,6.2,9.6,1.2
5.96,9.6,2,5,9.6,2.2,6.2,9.6,2.2
5,9.4,0,5,10.6,0,6.2,9.4,0
5,9.4,0,5,9.4,1.2,5,10.6,0
6.4,9.4,1.2,6.4,9.4,0,7.6,9.4,0
7.36,9.4,1.2,6.4,9.4,1.2,7.6,9.4,0
7.36,9.4,2,7.36,9.4,1.2,7.6,9.4,0
7.6,9.4,2.2,7.36,9.4,2,7.6,9.4,0
7.6,9.4,2.2,7.6,9.4,0,7.6,9.6,1.2
7.6,9.6,1.2,7.6,9.6,2.2,7.6,9.4,2.2
7.6,9.6,2.2,6.4,9.6,2.2,7.6,9.4,2.2
6.4,9.6,2.2,6.4,9.4,2.2,7.6,9.4,2.2
6.4,9.4,2.2,6.4,9.4,2,7.6,9.4,2.2
6.4,9.4,2,7.36,9.4,2,7.6,9.4,2.2
6.4,9.6,2,7.36,9.4,2,6.4,9.4,2
6.4,9.4,2,6.4,9.4,2.2,6.4,9.6,2
6.4,9.6,2,6.4,9.4,2.2,6.4,9.6,2.2
6.4,9.6,2,6.4,9.6,2.2,7.36,9.6,2
7.36,9.6,2,7.36,9.4,2,6.4,9.6,2
7.36,9.6,2,7.36,9.6,1.2,7.36,9.4,2
7.36,9.4,2,7.36,9.6,1.2,7.36,9.4,1.2
7.36,9.4,1.2,7.36,9.6,1.2,6.4,10.6,1.2
6.4,9.4,1.2,7.36,9.4,1.2,6.4,10.6,1.2
6.4,10.6,0,6.4,9.4,1.2,6.4,10.6,1.2
6.4,10.6,0,6.4,10.6,1.2,7.6,10.6,0
7.6,9.4,0,6.4,10.6,0,7.6,10.6,0
7.6,9.6,1.2,7.6,9.4,0,7.6,10.6,0
7.6,10.6,1.2,7.6,9.6,1.2,7.6,10.6,0
7.6,10.6,0,6.4,10.6,1.2,7.6,10.6,1.2
6.4,10.6,1.2,7.36,9.6,1.2,7.6,10.6,1.2
7.6,10.6,1.2,7.36,9.6,1.2,7.6,9.6,1.2
7.36,9.6,2,7.6,9.6,1.2,7.36,9.6,1.2
7.36,9.6,2,7.6,9.6,2.2,7.6,9.6,1.2
7.36,9.6,2,6.4,9.6,2.2,7.6,9.6,2.2
6.4,9.4,0,6.4,10.6,0,7.6,9.4,0
6.4,9.4,0,6.4,9.4,1.2,6.4,10.6,0
6.4,8,1.2,6.4,8,0,7.6,8,0
7.36,8,1.2,6.4,8,1.2,7.6,8,0
7.36,8,2,7.36,8,1.2,7.6,8,0
7.6,8,2.2,7.36,8,2,7.6,8,0
7.6,8,2.2,7.6,8,0,7.6,8.2,1.2
7.6,8.2,1.2,7.6,8.2,2.2,7.6,8,2.2
7.6,8.2,2.2,6.4,8.2,2.2,7.6,8,2.2
6.4,8.2,2.2,6.4,8,2.2,7.6,8,2.2
6.4,8,2.2,6.4,8,2,7.6,8,2.2
6.4,8,2,7.36,8,2,7.6,8,2.2
6.4,8.2,2,7.36,8,2,6.4,8,2
6.4,8,2,6.4,8,2.2,6.4,8.2,2
6.4,8.2,2,6.4,8,2.2,6.4,8.2,2.2
6.4,8.2,2,6.4,8.2,2.2,7.36,8.2,2
7.36,8.2,2,7.36,8,2,6.4,8.2,2
7.36,8.2,2,7.36,8.2,1.2,7.36,8,2
7.36,8,2,7.36,8.2,1.2,7.36,8,1.2
7.36,8,1.2,7.36,8.2,1.2,6.4,9.2,1.2
6.4,8,1.2,7.36,8,1.2,6.4,9.2,1.2
6.4,9.2,0,6.4,8,1.2,6.4,9.2,1.2
6.4,9.2,0,6.4,9.2,1.2,7.6,9.2,0
7.6,8,0,6.4,9.2,0,7.6,9.2,0
7.6,8.2,1.2,7.6,8,0,7.6,9.2,0
7.6,9.2,1.2,7.6,8.2,1.2,7.6,9.2,0
7.6,9.2,0,6.4,9.2,1.2,7.6,9.2,1.2
6.4,9.2,1.2,7.36,8.2,1.2,7.6,9.2,1.2
7.6,9.2,1.2,7.36,8.2,1.2,7.6,8.2,1.2
7.36,8.2,2,7.6,8.2,1.2,7.36,8.2,1.2
7.36,8.2,2,7.6,8.2,2.2,7.6,8.2,1.2
7.36,8.2,2,6.4,8.2,2.2,7.6,8.2,2.2
6.4,8,0,6.4,9.2,0,7.6,8,0
6.4,8,0,6.4,8,1.2,6.4,9.2,0
5,8,1.2,5,8,0,6.2,8,0
5.96,8,1.2,5,8,1.2,6.2,8,0
5.96,8,2,5.96,8,1.2,6.2,8,0
6.2,8,2.2,5.96,8,2,6.2,8,0
6.2,8,2.2,6.2,8,0,6.2,8.2,1.2
6.2,8.2,1.2,6.2,8.2,2.2,6.2,8,2.2
6.2,8.2,2.2,5,8.2,2.2,6.2,8,2.2
5,8.2,2.2,5,8,2.2,6.2,8,2.2
5,8,2.2,5,8,2,6.2,8,2.2
5,8,2,5.96,8,2,6.2,8,2.2
5,8.2,2,5.96,8,2,5,8,2
5,8,2,5,8,2.2,5,8.2,2
5,8.2,2,5,8,2.2,5,8.2,2.2
5,8.2,2,5,8.2,2.2,5.96,8.2,2
5.96,8.2,2,5.96,8,2,5,8.2,2
5.96,8.2,2,5.96,8.2,1.2,5.96,8,2
5.96,8,2,5.96,8.2,1.2,5.96,8,1.2
5.96,8,1.2,5.96,8.2,1.2,5,9.2,1.2
5,8,1.2,5.96,8,1.2,5,9.2,1.2
5,9.2,0,5,8,1.2,5,9.2,1.2
5,9.2,0,5,9.2,1.2,6.2,9.2,0
6.2,8,0,5,9.2,0,6.2,9.2,0
6.2,8.2,1.2,6.2,8,0,6.2,9.2,0
6.2,9.2,1.2,6.2,8.2,1.2,6.2,9.2,0
6.2,9.2,0,5,9.2,1.2,6.2,9.2,1.2
5,9.2,1.2,5.96,8.2,1.2,6.2,9.2,1.2
6.2,9.2,1.2,5.96,8.2,1.2,6.2,8.2,1.2
5.96,8.2,2,6.2,8.2,1.2,5.96,8.2,1.2
5.96,8.2,2,6.2,8.2,2.2,6.2,8.2,1.2
5.96,8.2,2,5,8.2,2.2,6.2,8.2,2.2
5,8,0,5,9.2,0,6.2,8,0
5,8,0,5,8,1.2,5,9.2,0
9,17.4,1.2,9,17.4,0,10.2,17.4,0
9.96,17.4,1.2,9,17.4,1.2,10.2,17.4,0
9.96,17.4,2,9.96,17.4,1.2,10.2,17.4,0
10.2,17.4,2.2,9.96,17.4,2,10.2,17.4,0
10.2,17.4,2.2,10.2,17.4,0,10.2,17.6,1.2
10.2,17.6,1.2,10.2,17.6,2.2,10.2,17.4,2.2
10.2,17.6,2.2,9,17.6,2.2,10.2,17.4,2.2
9,17.6,2.2,9,17.4,2.2,10.2,17.4,2.2
9,17.4,2.2,9,17.4,2,10.2,17.4,2.2
9,17.4,2,9.96,17.4,2,10.2,17.4,2.2
9,17.6,2,9.96,17.4,2,9,17.4,2
9,17.4,2,9,17.4,2.2,9,17.6,2
9,17.6,2,9,17.4,2.2,9,17.6,2.2
9,17.6,2,9,17.6,2.2,9.96,17.6,2
9.96,17.6,2,9.96,17.4,2,9,17.6,2
9.96,17.6,2,9.96,17.6,1.2,9.96,17.4,2
9.96,17.4,2,9.96,17.6,1.2,9.96,17.4,1.2
9.96,17.4,1.2,9.96,17.6,1.2,9,18.6,1.2
9,17.4,1.2,9.96,17.4,1.2,9,18.6,1.2
9,18.6,0,9,17.4,1.2,9,18.6,1.2
9,18.6,0,9,18.6,1.2,10.2,18.6,0
10.2,17.4,0,9,18.6,0,10.2,18.6,0
10.2,17.6,1.2,10.2,17.4,0,10.2,18.6,0
10.2,18.6,1.2,10.2,17.6,1.2,10.2,18.6,0
10.2,18.6,0,9,18.6,1.2,10.2,18.6,1.2
9,18.6,1.2,9.96,17.6,1.2,10.2,18.6,1.2
10.2,18.6,1.2,9.96,17.6,1.2,10.2,17.6,1.2
9.96,17.6,2,10.2,17.6,1.2,9.96,17.6,1.2
9.96,17.6,2,10.2,17.6,2.2,10.2,17.6,1.2
9.96,17.6,2,9,17.6,2.2,10.2,17.6,2.2
9,17.4,0,9,18.6,0,10.2,17.4,0
9,17.4,0,9,17.4,1.2,9,18.6,0
10.4,17.4,1.2,10.4,17.4,0,11.6,17.4,0
11.36,17.4,1.2,10.4,17.4,1.2,11.6,17.4,0
11.36,17.4,2,11.36,17.4,1.2,11.6,17.4,0
11.6,17.4,2.2,11.36,17.4,2,11.6,17.4,0
11.6,17.4,2.2,11.6,17.4,0,11.6,17.6,1.2
11.6,17.6,1.2,11.6,17.6,2.2,11.6,17.4,2.2
11.6,17.6,2.2,10.4,17.6,2.2,11.6,17.4,2.2
10.4,17.6,2.2,10.4,17.4,2.2,11.6,17.4,2.2
10.4,17.4,2.2,10.4,17.4,2,11.6,17.4,2.2
10.4,17.4,2,11.36,17.4,2,11.6,17.4,2.2
10.4,17.6,2,11.36,17.4,2,10.4,17.4,2
10.4,17.4,2,10.4,17.4,2.2,10.4,17.6,2
10.4,17.6,2,10.4,17.4,2.2,10.4,17.6,2.2
10.4,17.6,2,10.4,17.6,2.2,11.36,17.6,2
11.36,17.6,2,11.36,17.4,2,10.4,17.6,2
11.36,17.6,2,11.36,17.6,1.2,11.36,17.4,2
11.36,17.4,2,11.36,17.6,1.2,11.36,17.4,1.2
11.36,17.4,1.2,11.36,17.6,1.2,10.4,18.6,1.2
10.4,17.4,1.2,11.36,17.4,1.2,10.4,18.6,1.2
10.4,18.6,0,10.4,17.4,1.2,10.4,18.6,1.2
10.4,18.6,0,10.4,18.6,1.2,11.6,18.6,0
11.6,17.4,0,10.4,18.6,0,11.6,18.6,0
11.6,17.6,1.2,11.6,17.4,0,11.6,18.6,0
11.6,18.6,1.2,11.6,17.6,1.2,11.6,18.6,0
11.6,18.6,0,10.4,18.6,1.2,11.6,18.6,1.2
10.4,18.6,1.2,11.36,17.6,1.2,11.6,18.6,1.2
11.6,18.6,1.2,11.36,17.6,1.2,11.6,17.6,1.2
11.36,17.6,2,11.6,17.6,1.2,11.36,17.6,1.2
11.36,17.6,2,11.6,17.6,2.2,11.6,17.6,1.2
11.36,17.6,2,10.4,17.6,2.2,11.6,17.6,2.2
10.4,17.4,0,10.4,18.6,0,11.6,17.4,0
10.4,17.4,0,10.4,17.4,1.2,10.4,18.6,0
9,16,1.2,9,16,0,10.2,16,0
9.96,16,1.2,9,16,1.2,10.2,16,0
9.96,16,2,9.96,16,1.2,10.2,16,0
10.2,16,2.2,9.96,16,2,10.2,16,0
10.2,16,2.2,10.2,16,0,10.2,16.2,1.2
10.2,16.2,1.2,10.2,16.2,2.2,10.2,16,2.2
10.2,16.2,2.2,9,16.2,2.2,10.2,16,2.2
9,16.2,2.2,9,16,2.2,10.2,16,2.2
9,16,2.2,9,16,2,10.2,16,2.2
9,16,2,9.96,16,2,10.2,16,2.2
9,16.2,2,9.96,16,2,9,16,2
9,16,2,9,16,2.2,9,16.2,2
9,16.2,2,9,16,2.2,9,16.2,2.2
9,16.2,2,9,16.2,2.2,9.96,16.2,2
9.96,16.2,2,9.96,16,2,9,16.2,2
9.96,16.2,2,9.96,16.2,1.2,9.96,16,2
9.96,16,2,9.96,16.2,1.2,9.96,16,1.2
9.96,16,1.2,9.96,16.2,1.2,9,17.2,1.2
9,16,1.2,9.96,16,1.2,9,17.2,1.2
9,17.2,0,9,16,1.2,9,17.2,1.2
9,17.2,0,9,17.2,1.2,10.2,17.2,0
10.2,16,0,9,17.2,0,10.2,17.2,0
10.2,16.2,1.2,10.2,16,0,10.2,17.2,0
10.2,17.2,1.2,10.2,16.2,1.2,10.2,17.2,0
10.2,17.2,0,9,17.2,1.2,10.2,17.2,1.2
9,17.2,1.2,9.96,16.2,1.2,10.2,17.2,1.2
10.2,17.2,1.2,9.96,16.2,1.2,10.2,16.2,1.2
9.96,16.2,2,10.2,16.2,1.2,9.96,16.2,1.2
9.96,16.2,2,10.2,16.2,2.2,10.2,16.2,1.2
9.96,16.2,2,9,16.2,2.2,10.2,16.2,2.2
9,16,0,9,17.2,0,10.2,16,0
9,16,0,9,16,1.2,9,17.2,0
10.4,16,1.2,10.4,16,0,11.6,16,0
11.36,16,1.2,10.4,16,1.2,11.6,16,0
11.36,16,2,11.36,16,1.2,11.6,16,0
11.6,16,2.2,11.36,16,2,11.6,16,0
11.6,16,2.2,11.6,16,0,11.6,16.2,1.2
11.6,16.2,1.2,11.6,16.2,2.2,11.6,16,2.2
11.6,16.2,2.2,10.4,16.2,2.2,11.6,16,2.2
10.4,16.2,2.2,10.4,16,2.2,11.6,16,2.2
10.4,16,2.2,10.4,16,2,11.6,16,2.2
10.4,16,2,11.36,16,2,11.6,16,2.2
10.4,16.2,2,11.36,16,2,10.4,16,2
10.4,16,2,10.4,16,2.2,10.4,16.2,2
10.4,16.2,2,10.4,16,2.2,10.4,16.2,2.2
10.4,16.2,2,10.4,16.2,2.2,11.36,16.2,2
11.36,16.2,2,11.36,16,2,10.4,16.2,2
11.36,16.2,2,11.36,16.2,1.2,11.36,16,2
11.36,16,2,11.36,16.2,1.2,11.36,16,1.2
11.36,16,1.2,11.36,16.2,1.2,10.4,17.2,1.2
10.4,16,1.2,11.36,16,1.2,10.4,17.2,1.2
10.4,17.2,0,10.4,16,1.2,10.4,17.2,1.2
10.4,17.2,0,10.4,17.2,1.2,11.6,17.2,0
11.6,16,0,10.4,17.2,0,11.6,17.2,0
11.6,16.2,1.2,11.6,16,0,11.6,17.2,0
11.6,17.2,1.2,11.6,16.2,1.2,11.6,17.2,0
11.6,17.2,0,10.4,17.2,1.2,11.6,17.2,1.2
10.4,17.2,1.2,11.36,16.2,1.2,11.6,17.2,1.2
11.6,17.2,1.2,11.36,16.2,1.2,11.6,16.2,1.2
11.36,16.2,2,11.6,16.2,1.2,11.36,16.2,1.2
11.36,16.2,2,11.6,16.2,2.2,11.6,16.2,1.2
11.36,16.2,2,10.4,16.2,2.2,11.6,16.2,2.2
10.4,16,0,10.4,17.2,0,11.6,16,0
10.4,16,0,10.4,16,1.2,10.4,17.2,0
9,13.4,1.2,9,13.4,0,10.2,13.4,0
9.96,13.4,1.2,9,13.4,1.2,10.2,13.4,0
9.96,13.4,2,9.96,13.4,1.2,10.2,13.4,0
10.2,13.4,2.2,9.96,13.4,2,10.2,13.4,0
10.2,13.4,2.2,10.2,13.4,0,10.2,13.6,1.2
10.2,13.6,1.2,10.2,13.6,2.2,10.2,13.4,2.2
10.2,13.6,2.2,9,13.6,2.2,10.2,13.4,2.2
9,13.6,2.2,9,13.4,2.2,10.2,13.4,2.2
9,13.4,2.2,9,13.4,2,10.2,13.4,2.2
9,13.4,2,9.96,13.4,2,10.2,13.4,2.2
9,13.6,2,9.96,13.4,2,9,13.4,2
9,13.4,2,9,13.4,2.2,9,13.6,2
9,13.6,2,9,13.4,2.2,9,13.6,2.2
9,13.6,2,9,13.6,2.2,9.96,13.6,2
9.96,13.6,2,9.96,13.4,2,9,13.6,2
9.96,13.6,2,9.96,13.6,1.2,9.96,13.4,2
9.96,13.4,2,9.96,13.6,1.2,9.96,13.4,1.2
9.96,13.4,1.2,9.96,13.6,1.2,9,14.6,1.2
9,13.4,1.2,9.96,13.4,1.2,9,14.6,1.2
9,14.6,0,9,13.4,1.2,9,14.6,1.2
9,14.6,0,9,14.6,1.2,10.2,14.6,0
10.2,13.4,0,9,14.6,0,10.2,14.6,0
10.2,13.6,1.2,10.2,13.4,0,10.2,14.6,0
10.2,14.6,1.2,10.2,13.6,1.2,10.2,14.6,0
10.2,14.6,0,9,14.6,1.2,10.2,14.6,1.2
9,14.6,1.2,9.96,13.6,1.2,10.2,14.6,1.2
10.2,14.6,1.2,9.96,13.6,1.2,10.2,13.6,1.2
9.96,13.6,2,10.2,13.6,1.2,9.96,13.6,1.2
9.96,13.6,2,10.2,13.6,2.2,10.2,13.6,1.2
9.96,13.6,2,9,13.6,2.2,10.2,13.6,2.2
9,13.4,0,9,14.6,0,10.2,13.4,0
9,13.4,0,9,13.4,1.2,9,14.6,0
10.4,13.4,1.2,10.4,13.4,0,11.6,13.4,0
11.36,13.4,1.2,10.4,13.4,1.2,11.6,13.4,0
11.36,13.4,2,11.36,13.4,1.2,11.6,13.4,0
11.6,13.4,2.2,11.36,13.4,2,11.6,13.4,0
11.6,13.4,2.2,11.6,13.4,0,11.6,13.6,1.2
11.6,13.6,1.2,11.6,13.6,2.2,11.6,13.4,2.2
11.6,13.6,2.2,10.4,13.6,2.2,11.6,13.4,2.2
10.4,13.6,2.2,10.4,13.4,2.2,11.6,13.4,2.2
10.4,13.4,2.2,10.4,13.4,2,11.6,13.4,2.2
10.4,13.4,2,11.36,13.4,2,11.6,13.4,2.2
10.4,13.6,2,11.36,13.4,2,10.4,13.4,2
10.4,13.4,2,10.4,13.4,2.2,10.4,13.6,2
10.4,13.6,2,10.4,13.4,2.2,10.4,13.6,2.2
10.4,13.6,2,10.4,13.6,2.2,11.36,13.6,2
11.36,13.6,2,11.36,13.4,2,10.4,13.6,2
11.36,13.6,2,11.36,13.6,1.2,11.36,13.4,2
11.36,13.4,2,11.36,13.6,1.2,11.36,13.4,1.2
11.36,13.4,1.2,11.36,13.6,1.2,10.4,14.6,1.2
10.4,13.4,1.2,11.36,13.4,1.2,10.4,14.6,1.2
10.4,14.6,0,10.4,13.4,1.2,10.4,14.6,1.2
10.4,14.6,0,10.4,14.6,1.2,11.6,14.6,0
11.6,13.4,0,10.4,14.6,0,11.6,14.6,0
11.6,13.6,1.2,11.6,13.4,0,11.6,14.6,0
11.6,14.6,1.2,11.6,13.6,1.2,11.6,14.6,0
11.6,14.6,0,10.4,14.6,1.2,11.6,14.6,1.2
10.4,14.6,1.2,11.36,13.6,1.2,11.6,14.6,1.2
11.6,14.6,1.2,11.36,13.6,1.2,11.6,13.6,1.2
11.36,13.6,2,11.6,13.6,1.2,11.36,13.6,1.2
11.36,13.6,2,11.6,13.6,2.2,11.6,13.6,1.2
11.36,13.6,2,10.4,13.6,2.2,11.6,13.6,2.2
10.4,13.4,0,10.4,14.6,0,11.6,13.4,0
10.4,13.4,0,10.4,13.4,1.2,10.4,14.6,0
10.4,12,1.2,10.4,12,0,11.6,12,0
11.36,12,1.2,10.4,12,1.2,11.6,12,0
11.36,12,2,11.36,12,1.2,11.6,12,0
11.6,12,2.2,11.36,12,2,11.6,12,0
11.6,12,2.2,11.6,12,0,11.6,12.2,1.2
11.6,12.2,1.2,11.6,12.2,2.2,11.6,12,2.2
11.6,12.2,2.2,10.4,12.2,2.2,11.6,12,2.2
10.4,12.2,2.2,10.4,12,2.2,11.6,12,2.2
10.4,12,2.2,10.4,12,2,11.6,12,2.2
10.4,12,2,11.36,12,2,11.6,12,2.2
10.4,12.2,2,11.36,12,2,10.4,12,2
10.4,12,2,10.4,12,2.2,10.4,12.2,2
10.4,12.2,2,10.4,12,2.2,10.4,12.2,2.2
10.4,12.2,2,10.4,12.2,2.2,11.36,12.2,2
11.36,12.2,2,11.36,12,2,10.4,12.2,2
11.36,12.2,2,11.36,12.2,1.2,11.36,12,2
11.36,12,2,11.36,12.2,1.2,11.36,12,1.2
11.36,12,1.2,11.36,12.2,1.2,10.4,13.2,1.2
10.4,12,1.2,11.36,12,1.2,10.4,13.2,1.2
10.4,13.2,0,10.4,12,1.2,10.4,13.2,1.2
10.4,13.2,0,10.4,13.2,1.2,11.6,13.2,0
11.6,12,0,10.4,13.2,0,11.6,13.2,0
11.6,12.2,1.2,11.6,12,0,11.6,13.2,0
11.6,13.2,1.2,11.6,12.2,1.2,11.6,13.2,0
11.6,13.2,0,10.4,13.2,1.2,11.6,13.2,1.2
10.4,13.2,1.2,11.36,12.2,1.2,11.6,13.2,1.2
11.6,13.2,1.2,11.36,12.2,1.2,11.6,12.2,1.2
11.36,12.2,2,11.6,12.2,1.2,11.36,12.2,1.2
11.36,12.2,2,11.6,12.2,2.2,11.6,12.2,1.2
11.36,12.2,2,10.4,12.2,2.2,11.6,12.2,2.2
10.4,12,0,10.4,13.2,0,11.6,12,0
10.4,12,0,10.4,12,1.2,10.4,13.2,0
9,12,1.2,9,12,0,10.2,12,0
9.96,12,1.2,9,12,1.2,10.2,12,0
9.96,12,2,9.96,12,1.2,10.2,12,0
10.2,12,2.2,9.96,12,2,10.2,12,0
10.2,12,2.2,10.2,12,0,10.2,12.2,1.2
10.2,12.2,1.2,10.2,12.2,2.2,10.2,12,2.2
10.2,12.2,2.2,9,12.2,2.2,10.2,12,2.2
9,12.2,2.2,9,12,2.2,10.2,12,2.2
9,12,2.2,9,12,2,10.2,12,2.2
9,12,2,9.96,12,2,10.2,12,2.2
9,12.2,2,9.96,12,2,9,12,2
9,12,2,9,12,2.2,9,12.2,2
9,12.2,2,9,12,2.2,9,12.2,2.2
9,12.2,2,9,12.2,2.2,9.96,12.2,2
9.96,12.2,2,9.96,12,2,9,12.2,2
9.96,12.2,2,9.96,12.2,1.2,9.96,12,2
9.96,12,2,9.96,12.2,1.2,9.96,12,1.2
9.96,12,1.2,9.96,12.2,1.2,9,13.2,1.2
9,12,1.2,9.96,12,1.2,9,13.2,1.2
9,13.2,0,9,12,1.2,9,13.2,1.2
9,13.2,0,9,13.2,1.2,10.2,13.2,0
10.2,12,0,9,13.2,0,10.2,13.2,0
10.2,12.2,1.2,10.2,12,0,10.2,13.2,0
10.2,13.2,1.2,10.2,12.2,1.2,10.2,13.2,0
10.2,13.2,0,9,13.2,1.2,10.2,13.2,1.2
9,13.2,1.2,9.96,12.2,1.2,10.2,13.2,1.2
10.2,13.2,1.2,9.96,12.2,1.2,10.2,12.2,1.2
9.96,12.2,2,10.2,12.2,1.2,9.96,12.2,1.2
9.96,12.2,2,10.2,12.2,2.2,10.2,12.2,1.2
9.96,12.2,2,9,12.2,2.2,10.2,12.2,2.2
9,12,0,9,13.2,0,10.2,12,0
9,12,0,9,12,1.2,9,13.2,0
9,9.4,1.2,9,9.4,0,10.2,9.4,0
9.96,9.4,1.2,9,9.4,1.2,10.2,9.4,0
9.96,9.4,2,9.96,9.4,1.2,10.2,9.4,0
10.2,9.4,2.2,9.96,9.4,2,10.2,9.4,0
10.2,9.4,2.2,10.2,9.4,0,10.2,9.6,1.2
10.2,9.6,1.2,10.2,9.6,2.2,10.2,9.4,2.2
10.2,9.6,2.2,9,9.6,2.2,10.2,9.4,2.2
9,9.6,2.2,9,9.4,2.2,10.2,9.4,2.2
9,9.4,2.2,9,9.4,2,10.2,9.4,2.2
9,9.4,2,9.96,9.4,2,10.2,9.4,2.2
9,9.6,2,9.96,9.4,2,9,9.4,2
9,9.4,2,9,9.4,2.2,9,9.6,2
9,9.6,2,9,9.4,2.2,9,9.6,2.2
9,9.6,2,9,9.6,2.2,9.96,9.6,2
9.96,9.6,2,9.96,9.4,2,9,9.6,2
9.96,9.6,2,9.96,9.6,1.2,9.96,9.4,2
9.96,9.4,2,9.96,9.6,1.2,9.96,9.4,1.2
9.96,9.4,1.2,9.96,9.6,1.2,9,10.6,1.2
9,9.4,1.2,9.96,9.4,1.2,9,10.6,1.2
9,10.6,0,9,9.4,1.2,9,10.6,1.2
9,10.6,0,9,10.6,1.2,10.2,10.6,0
10.2,9.4,0,9,10.6,0,10.2,10.6,0
10.2,9.6,1.2,10.2,9.4,0,10.2,10.6,0
10.2,10.6,1.2,10.2,9.6,1.2,10.2,10.6,0
10.2,10.6,0,9,10.6,1.2,10.2,10.6,1.2
9,10.6,1.2,9.96,9.6,1.2,10.2,10.6,1.2
10.2,10.6,1.2,9.96,9.6,1.2,10.2,9.6,1.2
9.96,9.6,2,10.2,9.6,1.2,9.96,9.6,1.2
9.96,9.6,2,10.2,9.6,2.2,10.2,9.6,1.2
9.96,9.6,2,9,9.6,2.2,10.2,9.6,2.2
9,9.4,0,9,10.6,0,10.2,9.4,0
9,9.4,0,9,9.4,1.2,9,10.6,0
10.4,9.4,1.2,10.4,9.4,0,11.6,9.4,0
11.36,9.4,1.2,10.4,9.4,1.2,11.6,9.4,0
11.36,9.4,2,11.36,9.4,1.2,11.6,9.4,0
11.6,9.4,2.2,11.36,9.4,2,11.6,9.4,0
11.6,9.4,2.2,11.6,9.4,0,11.6,9.6,1.2
11.6,9.6,1.2,11.6,9.6,2.2,11.6,9.4,2.2
11.6,9.6,2.2,10.4,9.6,2.2,11.6,9.4,2.2
10.4,9.6,2.2,10.4,9.4,2.2,11.6,9.4,2.2
10.4,9.4,2.2,10.4,9.4,2,11.6,9.4,2.2
10.4,9.4,2,11.36,9.4,2,11.6,9.4,2.2
10.4,9.6,2,11.36,9.4,2,10.4,9.4,2
10.4,9.4,2,10.4,9.4,2.2,10.4,9.6,2
10.4,9.6,2,10.4,9.4,2.2,10.4,9.6,2.2
10.4,9.6,2,10.4,9.6,2.2,11.36,9.6,2
11.36,9.6,2,11.36,9.4,2,10.4,9.6,2
11.36,9.6,2,11.36,9.6,1.2,11.36,9.4,2
11.36,9.4,2,11.36,9.6,1.2,11.36,9.4,1.2
11.36,9.4,1.2,11.36,9.6,1.2,10.4,10.6,1.2
10.4,9.4,1.2,11.36,9.4,1.2,10.4,10.6,1.2
10.4,10.6,0,10.4,9.4,1.2,10.4,10.6,1.2
10.4,10.6,0,10.4,10.6,1.2,11.6,10.6,0
11.6,9.4,0,10.4,10.6,0,11.6,10.6,0
11.6,9.6,1.2,11.6,9.4,0,11.6,10.6,0
11.6,10.6,1.2,11.6,9.6,1.2,11.6,10.6,0
11.6,10.6,0,10.4,10.6,1.2,11.6,10.6,1.2
10.4,10.6,1.2,11.36,9.6,1.2,11.6,10.6,1.2
11.6,10.6,1.2,11.36,9.6,1.2,11.6,9.6,1.2
11.36,9.6,2,11.6,9.6,1.2,11.36,9.6,1.2
11.36,9.6,2,11.6,9.6,2.2,11.6,9.6,1.2
11.36,9.6,2,10.4,9.6,2.2,11.6,9.6,2.2
10.4,9.4,0,10.4,10.6,0,11.6,9.4,0
10.4,9.4,0,10.4,9.4,1.2,10.4,10.6,0
10.4,8,1.2,10.4,8,0,11.6,8,0
11.36,8,1.2,10.4,8,1.2,11.6,8,0
11.36,8,2,11.36,8,1.2,11.6,8,0
11.6,8,2.2,11.36,8,2,11.6,8,0
11.6,8,2.2,11.6,8,0,11.6,8.2,1.2
11.6,8.2,1.2,11.6,8.2,2.2,11.6,8,2.2
11.6,8.2,2.2,10.4,8.2,2.2,11.6,8,2.2
10.4,8.2,2.2,10.4,8,2.2,11.6,8,2.2
10.4,8,2.2,10.4,8,2,11.6,8,2.2
10.4,8,2,11.36,8,2,11.6,8,2.2
10.4,8.2,2,11.36,8,2,10.4,8,2
10.4,8,2,10.4,8,2.2,10.4,8.2,2
10.4,8.2,2,10.4,8,2.2,10.4,8.2,2.2
10.4,8.2,2,10.4,8.2,2.2,11.36,8.2,2
11.36,8.2,2,11.36,8,2,10.4,8.2,2
11.36,8.2,2,11.36,8.2,1.2,11.36,8,2
11.36,8,2,11.36,8.2,1.2,11.36,8,1.2
11.36,8,1.2,11.36,8.2,1.2,10.4,9.2,1.2
10.4,8,1.2,11.36,8,1.2,10.4,9.2,1.2
10.4,9.2,0,10.4,8,1.2,10.4,9.2,1.2
10.4,9.2,0,10.4,9.2,1.2,11.6,9.2,0
11.6,8,0,10.4,9.2,0,11.6,9.2,0
11.6,8.2,1.2,11.6,8,0,11.6,9.2,0
11.6,9.2,1.2,11.6,8.2,1.2,11.6,9.2,0
11.6,9.2,0,10.4,9.2,1.2,11.6,9.2,1.2
10.4,9.2,1.2,11.36,8.2,1.2,11.6,9.2,1.2
11.6,9.2,1.2,11.36,8.2,1.2,11.6,8.2,1.2
11.36,8.2,2,11.6,8.2,1.2,11.36,8.2,1.2
11.36,8.2,2,11.6,8.2,2.2,11.6,8.2,1.2
11.36,8.2,2,10.4,8.2,2.2,11.6,8.2,2.2
10.4,8,0,10.4,9.2,0,11.6,8,0
10.4,8,0,10.4,8,1.2,10.4,9.2,0
9,8,1.2,9,8,0,10.2,8,0
9.96,8,1.2,9,8,1.2,10.2,8,0
9.96,8,2,9.96,8,1.2,10.2,8,0
10.2,8,2.2,9.96,8,2,10.2,8,0
10.2,8,2.2,10.2,8,0,10.2,8.2,1.2
10.2,8.2,1.2,10.2,8.2,2.2,10.2,8,2.2
10.2,8.2,2.2,9,8.2,2.2,10.2,8,2.2
9,8.2,2.2,9,8,2.2,10.2,8,2.2
9,8,2.2,9,8,2,10.2,8,2.2
9,8,2,9.96,8,2,10.2,8,2.2
9,8.2,2,9.96,8,2,9,8,2
9,8,2,9,8,2.2,9,8.2,2
9,8.2,2,9,8,2.2,9,8.2,2.2
9,8.2,2,9,8.2,2.2,9.96,8.2,2
9.96,8.2,2,9.96,8,2,9,8.2,2
9.96,8.2,2,9.96,8.2,1.2,9.96,8,2
9.96,8,2,9.96,8.2,1.2,9.96,8,1.2
9.96,8,1.2,9.96,8.2,1.2,9,9.2,1.2
9,8,1.2,9.96,8,1.2,9,9.2,1.2
9,9.2,0,9,8,1.2,9,9.2,1.2
9,9.2,0,9,9.2,1.2,10.2,9.2,0
10.2,8,0,9,9.2,0,10.2,9.2,0
10.2,8.2,1.2,10.2,8,0,10.2,9.2,0
10.2,9.2,1.2,10.2,8.2,1.2,10.2,9.2,0
10.2,9.2,0,9,9.2,1.2,10.2,9.2,1.2
9,9.2,1.2,9.96,8.2,1.2,10.2,9.2,1.2
10.2,9.2,1.2,9.96,8.2,1.2,10.2,8.2,1.2
9.96,8.2,2,10.2,8.2,1.2,9.96,8.2,1.2
9.96,8.2,2,10.2,8.2,2.2,10.2,8.2,1.2
9.96,8.2,2,9,8.2,2.2,10.2,8.2,2.2
9,8,0,9,9.2,0,10.2,8,0
9,8,0,9,8,1.2,9,9.2,0
13,8,1.2,13,8,0,14.2,8,0
13.96,8,1.2,13,8,1.2,14.2,8,0
13.96,8,2,13.96,8,1.2,14.2,8,0
14.2,8,2.2,13.96,8,2,14.2,8,0
14.2,8,2.2,14.2,8,0,14.2,8.2,1.2
14.2,8.2,1.2,14.2,8.2,2.2,14.2,8,2.2
14.2,8.2,2.2,13,8.2,2.2,14.2,8,2.2
13,8.2,2.2,13,8,2.2,14.2,8,2.2
13,8,2.2,13,8,2,14.2,8,2.2
13,8,2,13.96,8,2,14.2,8,2.2
13,8.2,2,13.96,8,2,13,8,2
13,8,2,13,8,2.2,13,8.2,2
13,8.2,2,13,8,2.2,13,8.2,2.2
13,8.2,2,13,8.2,2.2,13.96,8.2,2
13.96,8.2,2,13.96,8,2,13,8.2,2
13.96,8.2,2,13.96,8.2,1.2,13.96,8,2
13.96,8,2,13.96,8.2,1.2,13.96,8,1.2
13.96,8,1.2,13.96,8.2,1.2,13,9.2,1.2
13,8,1.2,13.96,8,1.2,13,9.2,1.2
13,9.2,0,13,8,1.2,13,9.2,1.2
13,9.2,0,13,9.2,1.2,14.2,9.2,0
14.2,8,0,13,9.2,0,14.2,9.2,0
14.2,8.2,1.2,14.2,8,0,14.2,9.2,0
14.2,9.2,1.2,14.2,8.2,1.2,14.2,9.2,0
14.2,9.2,0,13,9.2,1.2,14.2,9.2,1.2
13,9.2,1.2,13.96,8.2,1.2,14.2,9.2,1.2
14.2,9.2,1.2,13.96,8.2,1.2,14.2,8.2,1.2
13.96,8.2,2,14.2,8.2,1.2,13.96,8.2,1.2
13.96,8.2,2,14.2,8.2,2.2,14.2,8.2,1.2
13.96,8.2,2,13,8.2,2.2,14.2,8.2,2.2
13,8,0,13,9.2,0,14.2,8,0
13,8,0,13,8,1.2,13,9.2,0
14.4,8,1.2,14.4,8,0,15.6,8,0
15.36,8,1.2,14.4,8,1.2,15.6,8,0
15.36,8,2,15.36,8,1.2,15.6,8,0
15.6,8,2.2,15.36,8,2,15.6,8,0
15.6,8,2.2,15.6,8,0,15.6,8.2,1.2
15.6,8.2,1.2,15.6,8.2,2.2,15.6,8,2.2
15.6,8.2,2.2,14.4,8.2,2.2,15.6,8,2.2
14.4,8.2,2.2,14.4,8,2.2,15.6,8,2.2
14.4,8,2.2,14.4,8,2,15.6,8,2.2
14.4,8,2,15.36,8,2,15.6,8,2.2
14.4,8.2,2,15.36,8,2,14.4,8,2
14.4,8,2,14.4,8,2.2,14.4,8.2,2
14.4,8.2,2,14.4,8,2.2,14.4,8.2,2.2
14.4,8.2,2,14.4,8.2,2.2,15.36,8.2,2
15.36,8.2,2,15.36,8,2,14.4,8.2,2
15.36,8.2,2,15.36,8.2,1.2,15.36,8,2
15.36,8,2,15.36,8.2,1.2,15.36,8,1.2
15.36,8,1.2,15.36,8.2,1.2,14.4,9.2,1.2
14.4,8,1.2,15.36,8,1.2,14.4,9.2,1.2
14.4,9.2,0,14.4,8,1.2,14.4,9.2,1.2
14.4,9.2,0,14.4,9.2,1.2,15.6,9.2,0
15.6,8,0,14.4,9.2,0,15.6,9.2,0
15.6,8.2,1.2,15.6,8,0,15.6,9.2,0
15.6,9.2,1.2,15.6,8.2,1.2,15.6,9.2,0
15.6,9.2,0,14.4,9.2,1.2,15.6,9.2,1.2
14.4,9.2,1.2,15.36,8.2,1.2,15.6,9.2,1.2
15.6,9.2,1.2,15.36,8.2,1.2,15.6,8.2,1.2
15.36,8.2,2,15.6,8.2,1.2,15.36,8.2,1.2
15.36,8.2,2,15.6,8.2,2.2,15.6,8.2,1.2
15.36,8.2,2,14.4,8.2,2.2,15.6,8.2,2.2
14.4,8,0,14.4,9.2,0,15.6,8,0
14.4,8,0,14.4,8,1.2,14.4,9.2,0
14.4,9.4,1.2,14.4,9.4,0,15.6,9.4,0
15.36,9.4,1.2,14.4,9.4,1.2,15.6,9.4,0
15.36,9.4,2,15.36,9.4,1.2,15.6,9.4,0
15.6,9.4,2.2,15.36,9.4,2,15.6,9.4,0
15.6,9.4,2.2,15.6,9.4,0,15.6,9.6,1.2
15.6,9.6,1.2,15.6,9.6,2.2,15.6,9.4,2.2
15.6,9.6,2.2,14.4,9.6,2.2,15.6,9.4,2.2
14.4,9.6,2.2,14.4,9.4,2.2,15.6,9.4,2.2
14.4,9.4,2.2,14.4,9.4,2,15.6,9.4,2.2
14.4,9.4,2,15.36,9.4,2,15.6,9.4,2.2
14.4,9.6,2,15.36,9.4,2,14.4,9.4,2
14.4,9.4,2,14.4,9.4,2.2,14.4,9.6,2
14.4,9.6,2,14.4,9.4,2.2,14.4,9.6,2.2
14.4,9.6,2,14.4,9.6,2.2,15.36,9.6,2
15.36,9.6,2,15.36,9.4,2,14.4,9.6,2
15.36,9.6,2,15.36,9.6,1.2,15.36,9.4,2
15.36,9.4,2,15.36,9.6,1.2,15.36,9.4,1.2
15.36,9.4,1.2,15.36,9.6,1.2,14.4,10.6,1.2
14.4,9.4,1.2,15.36,9.4,1.2,14.4,10.6,1.2
14.4,10.6,0,14.4,9.4,1.2,14.4,10.6,1.2
14.4,10.6,0,14.4,10.6,1.2,15.6,10.6,0
15.6,9.4,0,14.4,10.6,0,15.6,10.6,0
15.6,9.6,1.2,15.6,9.4,0,15.6,10.6,0
15.6,10.6,1.2,15.6,9.6,1.2,15.6,10.6,0
15.6,10.6,0,14.4,10.6,1.2,15.6,10.6,1.2
14.4,10.6,1.2,15.36,9.6,1.2,15.6,10.6,1.2
15.6,10.6,1.2,15.36,9.6,1.2,15.6,9.6,1.2
15.36,9.6,2,15.6,9.6,1.2,15.36,9.6,1.2
15.36,9.6,2,15.6,9.6,2.2,15.6,9.6,1.2
15.36,9.6,2,14.4,9.6,2.2,15.6,9.6,2.2
14.4,9.4,0,14.4,10.6,0,15.6,9.4,0
14.4,9.4,0,14.4,9.4,1.2,14.4,10.6,0
13,9.4,1.2,13,9.4,0,14.2,9.4,0
13.96,9.4,1.2,13,9.4,1.2,14.2,9.4,0
13.96,9.4,2,13.96,9.4,1.2,14.2,9.4,0
14.2,9.4,2.2,13.96,9.4,2,14.2,9.4,0
14.2,9.4,2.2,14.2,9.4,0,14.2,9.6,1.2
14.2,9.6,1.2,14.2,9.6,2.2,14.2,9.4,2.2
14.2,9.6,2.2,13,9.6,2.2,14.2,9.4,2.2
13,9.6,2.2,13,9.4,2.2,14.2,9.4,2.2
13,9.4,2.2,13,9.4,2,14.2,9.4,2.2
13,9.4,2,13.96,9.4,2,14.2,9.4,2.2
13,9.6,2,13.96,9.4,2,13,9.4,2
13,9.4,2,13,9.4,2.2,13,9.6,2
13,9.6,2,13,9.4,2.2,13,9.6,2.2
13,9.6,2,13,9.6,2.2,13.96,9.6,2
13.96,9.6,2,13.96,9.4,2,13,9.6,2
13.96,9.6,2,13.96,9.6,1.2,13.96,9.4,2
13.96,9.4,2,13.96,9.6,1.2,13.96,9.4,1.2
13.96,9.4,1.2,13.96,9.6,1.2,13,10.6,1.2
13,9.4,1.2,13.96,9.4,1.2,13,10.6,1.2
13,10.6,0,13,9.4,1.2,13,10.6,1.2
13,10.6,0,13,10.6,1.2,14.2,10.6,0
14.2,9.4,0,13,10.6,0,14.2,10.6,0
14.2,9.6,1.2,14.2,9.4,0,14.2,10.6,0
14.2,10.6,1.2,14.2,9.6,1.2,14.2,10.6,0
14.2,10.6,0,13,10.6,1.2,14.2,10.6,1.2
13,10.6,1.2,13.96,9.6,1.2,14.2,10.6,1.2
14.2,10.6,1.2,13.96,9.6,1.2,14.2,9.6,1.2
13.96,9.6,2,14.2,9.6,1.2,13.96,9.6,1.2
13.96,9.6,2,14.2,9.6,2.2,14.2,9.6,1.2
13.96,9.6,2,13,9.6,2.2,14.2,9.6,2.2
13,9.4,0,13,10.6,0,14.2,9.4,0
13,9.4,0,13,9.4,1.2,13,10.6,0
13,12,1.2,13,12,0,14.2,12,0
13.96,12,1.2,13,12,1.2,14.2,12,0
13.96,12,2,13.96,12,1.2,14.2,12,0
14.2,12,2.2,13.96,12,2,14.2,12,0
14.2,12,2.2,14.2,12,0,14.2,12.2,1.2
14.2,12.2,1.2,14.2,12.2,2.2,14.2,12,2.2
14.2,12.2,2.2,13,12.2,2.2,14.2,12,2.2
13,12.2,2.2,13,12,2.2,14.2,12,2.2
13,12,2.2,13,12,2,14.2,12,2.2
13,12,2,13.96,12,2,14.2,12,2.2
13,12.2,2,13.96,12,2,13,12,2
13,12,2,13,12,2.2,13,12.2,2
13,12.2,2,13,12,2.2,13,12.2,2.2
13,12.2,2,13,12.2,2.2,13.96,12.2,2
13.96,12.2,2,13.96,12,2,13,12.2,2
13.96,12.2,2,13.96,12.2,1.2,13.96,12,2
13.96,12,2,13.96,12.2,1.2,13.96,12,1.2
13.96,12,1.2,13.96,12.2,1.2,13,13.2,1.2
13,12,1.2,13.96,12,1.2,13,13.2,1.2
13,13.2,0,13,12,1.2,13,13.2,1.2
13,13.2,0,13,13.2,1.2,14.2,13.2,0
14.2,12,0,13,13.2,0,14.2,13.2,0
14.2,12.2,1.2,14.2,12,0,14.2,13.2,0
14.2,13.2,1.2,14.2,12.2,1.2,14.2,13.2,0
14.2,13.2,0,13,13.2,1.2,14.2,13.2,1.2
13,13.2,1.2,13.96,12.2,1.2,14.2,13.2,1.2
14.2,13.2,1.2,13.96,12.2,1.2,14.2,12.2,1.2
13.96,12.2,2,14.2,12.2,1.2,13.96,12.2,1.2
13.96,12.2,2,14.2,12.2,2.2,14.2,12.2,1.2
13.96,12.2,2,13,12.2,2.2,14.2,12.2,2.2
13,12,0,13,13.2,0,14.2,12,0
13,12,0,13,12,1.2,13,13.2,0
14.4,12,1.2,14.4,12,0,15.6,12,0
15.36,12,1.2,14.4,12,1.2,15.6,12,0
15.36,12,2,15.36,12,1.2,15.6,12,0
15.6,12,2.2,15.36,12,2,15.6,12,0
15.6,12,2.2,15.6,12,0,15.6,12.2,1.2
15.6,12.2,1.2,15.6,12.2,2.2,15.6,12,2.2
15.6,12.2,2.2,14.4,12.2,2.2,15.6,12,2.2
14.4,12.2,2.2,14.4,12,2.2,15.6,12,2.2
14.4,12,2.2,14.4,12,2,15.6,12,2.2
14.4,12,2,15.36,12,2,15.6,12,2.2
14.4,12.2,2,15.36,12,2,14.4,12,2
14.4,12,2,14.4,12,2.2,14.4,12.2,2
14.4,12.2,2,14.4,12,2.2,14.4,12.2,2.2
14.4,12.2,2,14.4,12.2,2.2,15.36,12.2,2
15.36,12.2,2,15.36,12,2,14.4,12.2,2
15.36,12.2,2,15.36,12.2,1.2,15.36,12,2
15.36,12,2,15.36,12.2,1.2,15.36,12,1.2
15.36,12,1.2,15.36,12.2,1.2,14.4,13.2,1.2
14.4,12,1.2,15.36,12,1.2,14.4,13.2,1.2
14.4,13.2,0,14.4,12,1.2,14.4,13.2,1.2
14.4,13.2,0,14.4,13.2,1.2,15.6,13.2,0
15.6,12,0,14.4,13.2,0,15.6,13.2,0
15.6,12.2,1.2,15.6,12,0,15.6,13.2,0
15.6,13.2,1.2,15.6,12.2,1.2,15.6,13.2,0
15.6,13.2,0,14.4,13.2,1.2,15.6,13.2,1.2
14.4,13.2,1.2,15.36,12.2,1.2,15.6,13.2,1.2
15.6,13.2,1.2,15.36,12.2,1.2,15.6,12.2,1.2
15.36,12.2,2,15.6,12.2,1.2,15.36,12.2,1.2
15.36,12.2,2,15.6,12.2,2.2,15.6,12.2,1.2
15.36,12.2,2,14.4,12.2,2.2,15.6,12.2,2.2
14.4,12,0,14.4,13.2,0,15.6,12,0
14.4,12,0,14.4,12,1.2,14.4,13.2,0
14.4,13.4,1.2,14.4,13.4,0,15.6,13.4,0
15.36,13.4,1.2,14.4,13.4,1.2,15.6,13.4,0
15.36,13.4,2,15.36,13.4,1.2,15.6,13.4,0
15.6,13.4,2.2,15.36,13.4,2,15.6,13.4,0
15.6,13.4,2.2,15.6,13.4,0,15.6,13.6,1.2
15.6,13.6,1.2,15.6,13.6,2.2,15.6,13.4,2.2
15.6,13.6,2.2,14.4,13.6,2.2,15.6,13.4,2.2
14.4,13.6,2.2,14.4,13.4,2.2,15.6,13.4,2.2
14.4,13.4,2.2,14.4,13.4,2,15.6,13.4,2.2
14.4,13.4,2,15.36,13.4,2,15.6,13.4,2.2
14.4,13.6,2,15.36,13.4,2,14.4,13.4,2
14.4,13.4,2,14.4,13.4,2.2,14.4,13.6,2
14.4,13.6,2,14.4,13.4,2.2,14.4,13.6,2.2
14.4,13.6,2,14.4,13.6,2.2,15.36,13.6,2
15.36,13.6,2,15.36,13.4,2,14.4,13.6,2
15.36,13.6,2,15.36,13.6,1.2,15.36,13.4,2
15.36,13.4,2,15.36,13.6,1.2,15.36,13.4,1.2
15.36,13.4,1.2,15.36,13.6,1.2,14.4,14.6,1.2
14.4,13.4,1.2,15.36,13.4,1.2,14.4,14.6,1.2
14.4,14.6,0,14.4,13.4,1.2,14.4,14.6,1.2
14.4,14.6,0,14.4,14.6,1.2,15.6,14.6,0
15.6,13.4,0,14.4,14.6,0,15.6,14.6,0
15.6,13.6,1.2,15.6,13.4,0,15.6,14.6,0
15.6,14.6,1.2,15.6,13.6,1.2,15.6,14.6,0
15.6,14.6,0,14.4,14.6,1.2,15.6,14.6,1.2
14.4,14.6,1.2,15.36,13.6,1.2,15.6,14.6,1.2
15.6,14.6,1.2,15.36,13.6,1.2,15.6,13.6,1.2
15.36,13.6,2,15.6,13.6,1.2,15.36,13.6,1.2
15.36,13.6,2,15.6,13.6,2.2,15.6,13.6,1.2
15.36,13.6,2,14.4,13.6,2.2,15.6,13.6,2.2
14.4,13.4,0,14.4,14.6,0,15.6,13.4,0
14.4,13.4,0,14.4,13.4,1.2,14.4,14.6,0
13,13.4,1.2,13,13.4,0,14.2,13.4,0
13.96,13.4,1.2,13,13.4,1.2,14.2,13.4,0
13.96,13.4,2,13.96,13.4,1.2,14.2,13.4,0
14.2,13.4,2.2,13.96,13.4,2,14.2,13.4,0
14.2,13.4,2.2,14.2,13.4,0,14.2,13.6,1.2
14.2,13.6,1.2,14.2,13.6,2.2,14.2,13.4,2.2
14.2,13.6,2.2,13,13.6,2.2,14.2,13.4,2.2
13,13.6,2.2,13,13.4,2.2,14.2,13.4,2.2
13,13.4,2.2,13,13.4,2,14.2,13.4,2.2
13,13.4,2,13.96,13.4,2,14.2,13.4,2.2
13,13.6,2,13.96,13.4,2,13,13.4,2
13,13.4,2,13,13.4,2.2,13,13.6,2
13,13.6,2,13,13.4,2.2,13,13.6,2.2
13,13.6,2,13,13.6,2.2,13.96,13.6,2
13.96,13.6,2,13.96,13.4,2,13,13.6,2
13.96,13.6,2,13.96,13.6,1.2,13.96,13.4,2
13.96,13.4,2,13.96,13.6,1.2,13.96,13.4,1.2
13.96,13.4,1.2,13.96,13.6,1.2,13,14.6,1.2
13,13.4,1.2,13.96,13.4,1.2,13,14.6,1.2
13,14.6,0,13,13.4,1.2,13,14.6,1.2
13,14.6,0,13,14.6,1.2,14.2,14.6,0
14.2,13.4,0,13,14.6,0,14.2,14.6,0
14.2,13.6,1.2,14.2,13.4,0,14.2,14.6,0
14.2,14.6,1.2,14.2,13.6,1.2,14.2,14.6,0
14.2,14.6,0,13,14.6,1.2,14.2,14.6,1.2
13,14.6,1.2,13.96,13.6,1.2,14.2,14.6,1.2
14.2,14.6,1.2,13.96,13.6,1.2,14.2,13.6,1.2
13.96,13.6,2,14.2,13.6,1.2,13.96,13.6,1.2
13.96,13.6,2,14.2,13.6,2.2,14.2,13.6,1.2
13.96,13.6,2,13,13.6,2.2,14.2,13.6,2.2
13,13.4,0,13,14.6,0,14.2,13.4,0
13,13.4,0,13,13.4,1.2,13,14.6,0
13,16,1.2,13,16,0,14.2,16,0
13.96,16,1.2,13,16,1.2,14.2,16,0
13.96,16,2,13.96,16,1.2,14.2,16,0
14.2,16,2.2,13.96,16,2,14.2,16,0
14.2,16,2.2,14.2,16,0,14.2,16.2,1.2
14.2,16.2,1.2,14.2,16.2,2.2,14.2,16,2.2
14.2,16.2,2.2,13,16.2,2.2,14.2,16,2.2
13,16.2,2.2,13,16,2.2,14.2,16,2.2
13,16,2.2,13,16,2,14.2,16,2.2
13,16,2,13.96,16,2,14.2,16,2.2
13,16.2,2,13.96,16,2,13,16,2
13,16,2,13,16,2.2,13,16.2,2
13,16.2,2,13,16,2.2,13,16.2,2.2
13,16.2,2,13,16.2,2.2,13.96,16.2,2
13.96,16.2,2,13.96,16,2,13,16.2,2
13.96,16.2,2,13.96,16.2,1.2,13.96,16,2
13.96,16,2,13.96,16.2,1.2,13.96,16,1.2
13.96,16,1.2,13.96,16.2,1.2,13,17.2,1.2
13,16,1.2,13.96,16,1.2,13,17.2,1.2
13,17.2,0,13,16,1.2,13,17.2,1.2
13,17.2,0,13,17.2,1.2,14.2,17.2,0
14.2,16,0,13,17.2,0,14.2,17.2,0
14.2,16.2,1.2,14.2,16,0,14.2,17.2,0
14.2,17.2,1.2,14.2,16.2,1.2,14.2,17.2,0
14.2,17.2,0,13,17.2,1.2,14.2,17.2,1.2
13,17.2,1.2,13.96,16.2,1.2,14.2,17.2,1.2
14.2,17.2,1.2,13.96,16.2,1.2,14.2,16.2,1.2
13.96,16.2,2,14.2,16.2,1.2,13.96,16.2,1.2
13.96,16.2,2,14.2,16.2,2.2,14.2,16.2,1.2
13.96,16.2,2,13,16.2,2.2,14.2,16.2,2.2
13,16,0,13,17.2,0,14.2,16,0
13,16,0,13,16,1.2,13,17.2,0
14.4,16,1.2,14.4,16,0,15.6,16,0
15.36,16,1.2,14.4,16,1.2,15.6,16,0
15.36,16,2,15.36,16,1.2,15.6,16,0
15.6,16,2.2,15.36,16,2,15.6,16,0
15.6,16,2.2,15.6,16,0,15.6,16.2,1.2
15.6,16.2,1.2,15.6,16.2,2.2,15.6,16,2.2
15.6,16.2,2.2,14.4,16.2,2.2,15.6,16,2.2
14.4,16.2,2.2,14.4,16,2.2,15.6,16,2.2
14.4,16,2.2,14.4,16,2,15.6,16,2.2
14.4,16,2,15.36,16,2,15.6,16,2.2
14.4,16.2,2,15.36,16,2,14.4,16,2
14.4,16,2,14.4,16,2.2,14.4,16.2,2
14.4,16.2,2,14.4,16,2.2,14.4,16.2,2.2
14.4,16.2,2,14.4,16.2,2.2,15.36,16.2,2
15.36,16.2,2,15.36,16,2,14.4,16.2,2
15.36,16.2,2,15.36,16.2,1.2,15.36,16,2
15.36,16,2,15.36,16.2,1.2,15.36,16,1.2
15.36,16,1.2,15.36,16.2,1.2,14.4,17.2,1.2
14.4,16,1.2,15.36,16,1.2,14.4,17.2,1.2
14.4,17.2,0,14.4,16,1.2,14.4,17.2,1.2
14.4,17.2,0,14.4,17.2,1.2,15.6,17.2,0
15.6,16,0,14.4,17.2,0,15.6,17.2,0
15.6,16.2,1.2,15.6,16,0,15.6,17.2,0
15.6,17.2,1.2,15.6,16.2,1.2,15.6,17.2,0
15.6,17.2,0,14.4,17.2,1.2,15.6,17.2,1.2
14.4,17.2,1.2,15.36,16.2,1.2,15.6,17.2,1.2
15.6,17.2,1.2,15.36,16.2,1.2,15.6,16.2,1.2
15.36,16.2,2,15.6,16.2,1.2,15.36,16.2,1.2
15.36,16.2,2,15.6,16.2,2.2,15.6,16.2,1.2
15.36,16.2,2,14.4,16.2,2.2,15.6,16.2,2.2
14.4,16,0,14.4,17.2,0,15.6,16,0
14.4,16,0,14.4,16,1.2,14.4,17.2,0
14.4,17.4,1.2,14.4,17.4,0,15.6,17.4,0
15.36,17.4,1.2,14.4,17.4,1.2,15.6,17.4,0
15.36,17.4,2,15.36,17.4,1.2,15.6,17.4,0
15.6,17.4,2.2,15.36,17.4,2,15.6,17.4,0
15.6,17.4,2.2,15.6,17.4,0,15.6,17.6,1.2
15.6,17.6,1.2,15.6,17.6,2.2,15.6,17.4,2.2
15.6,17.6,2.2,14.4,17.6,2.2,15.6,17.4,2.2
14.4,17.6,2.2,14.4,17.4,2.2,15.6,17.4,2.2
14.4,17.4,2.2,14.4,17.4,2,15.6,17.4,2.2
14.4,17.4,2,15.36,17.4,2,15.6,17.4,2.2
14.4,17.6,2,15.36,17.4,2,14.4,17.4,2
14.4,17.4,2,14.4,17.4,2.2,14.4,17.6,2
14.4,17.6,2,14.4,17.4,2.2,14.4,17.6,2.2
14.4,17.6,2,14.4,17.6,2.2,15.36,17.6,2
15.36,17.6,2,15.36,17.4,2,14.4,17.6,2
15.36,17.6,2,15.36,17.6,1.2,15.36,17.4,2
15.36,17.4,2,15.36,17.6,1.2,15.36,17.4,1.2
15.36,17.4,1.2,15.36,17.6,1.2,14.4,18.6,1.2
14.4,17.4,1.2,15.36,17.4,1.2,14.4,18.6,1.2
14.4,18.6,0,14.4,17.4,1.2,14.4,18.6,1.2
14.4,18.6,0,14.4,18.6,1.2,15.6,18.6,0
15.6,17.4,0,14.4,18.6,0,15.6,18.6,0
15.6,17.6,1.2,15.6,17.4,0,15.6,18.6,0
15.6,18.6,1.2,15.6,17.6,1.2,15.6,18.6,0
15.6,18.6,0,14.4,18.6,1.2,15.6,18.6,1.2
14.4,18.6,1.2,15.36,17.6,1.2,15.6,18.6,1.2
15.6,18.6,1.2,15.36,17.6,1.2,15.6,17.6,1.2
15.36,17.6,2,15.6,17.6,1.2,15.36,17.6,1.2
15.36,17.6,2,15.6,17.6,2.2,15.6,17.6,1.2
15.36,17.6,2,14.4,17.6,2.2,15.6,17.6,2.2
14.4,17.4,0,14.4,18.6,0,15.6,17.4,0
14.4,17.4,0,14.4,17.4,1.2,14.4,18.6,0
13,17.4,1.2,13,17.4,0,14.2,17.4,0
13.96,17.4,1.2,13,17.4,1.2,14.2,17.4,0
13.96,17.4,2,13.96,17.4,1.2,14.2,17.4,0
14.2,17.4,2.2,13.96,17.4,2,14.2,17.4,0
14.2,17.4,2.2,14.2,17.4,0,14.2,17.6,1.2
14.2,17.6,1.2,14.2,17.6,2.2,14.2,17.4,2.2
14.2,17.6,2.2,13,17.6,2.2,14.2,17.4,2.2
13,17.6,2.2,13,17.4,2.2,14.2,17.4,2.2
13,17.4,2.2,13,17.4,2,14.2,17.4,2.2
13,17.4,2,13.96,17.4,2,14.2,17.4,2.2
13,17.6,2,13.96,17.4,2,13,17.4,2
13,17.4,2,13,17.4,2.2,13,17.6,2
13,17.6,2,13,17.4,2.2,13,17.6,2.2
13,17.6,2,13,17.6,2.2,13.96,17.6,2
13.96,17.6,2,13.96,17.4,2,13,17.6,2
13.96,17.6,2,13.96,17.6,1.2,13.96,17.4,2
13.96,17.4,2,13.96,17.6,1.2,13.96,17.4,1.2
13.96,17.4,1.2,13.96,17.6,1.2,13,18.6,1.2
13,17.4,1.2,13.96,17.4,1.2,13,18.6,1.2
13,18.6,0,13,17.4,1.2,13,18.6,1.2
13,18.6,0,13,18.6,1.2,14.2,18.6,0
14.2,17.4,0,13,18.6,0,14.2,18.6,0
14.2,17.6,1.2,14.2,17.4,0,14.2,18.6,0
14.2,18.6,1.2,14.2,17.6,1.2,14.2,18.6,0
14.2,18.6,0,13,18.6,1.2,14.2,18.6,1.2
13,18.6,1.2,13.96,17.6,1.2,14.2,18.6,1.2
14.2,18.6,1.2,13.96,17.6,1.2,14.2,17.6,1.2
13.96,17.6,2,14.2,17.6,1.2,13.96,17.6,1.2
13.96,17.6,2,14.2,17.6,2.2,14.2,17.6,1.2
13.96,17.6,2,13,17.6,2.2,14.2,17.6,2.2
13,17.4,0,13,18.6,0,14.2,17.4,0
13,17.4,0,13,17.4,1.2,13,18.6,0
17,17.4,1.2,17,17.4,0,18.2,17.4,0
17.96,17.4,1.2,17,17.4,1.2,18.2,17.4,0
17.96,17.4,2,17.96,17.4,1.2,18.2,17.4,0
18.2,17.4,2.2,17.96,17.4,2,18.2,17.4,0
18.2,17.4,2.2,18.2,17.4,0,18.2,17.6,1.2
18.2,17.6,1.2,18.2,17.6,2.2,18.2,17.4,2.2
18.2,17.6,2.2,17,17.6,2.2,18.2,17.4,2.2
17,17.6,2.2,17,17.4,2.2,18.2,17.4,2.2
17,17.4,2.2,17,17.4,2,18.2,17.4,2.2
17,17.4,2,17.96,17.4,2,18.2,17.4,2.2
17,17.6,2,17.96,17.4,2,17,17.4,2
17,17.4,2,17,17.4,2.2,17,17.6,2
17,17.6,2,17,17.4,2.2,17,17.6,2.2
17,17.6,2,17,17.6,2.2,17.96,17.6,2
17.96,17.6,2,17.96,17.4,2,17,17.6,2
17.96,17.6,2,17.96,17.6,1.2,17.96,17.4,2
17.96,17.4,2,17.96,17.6,1.2,17.96,17.4,1.2
17.96,17.4,1.2,17.96,17.6,1.2,17,18.6,1.2
17,17.4,1.2,17.96,17.4,1.2,17,18.6,1.2
17,18.6,0,17,17.4,1.2,17,18.6,1.2
17,18.6,0,17,18.6,1.2,18.2,18.6,0
18.2,17.4,0,17,18.6,0,18.2,18.6,0
18.2,17.6,1.2,18.2,17.4,0,18.2,18.6,0
18.2,18.6,1.2,18.2,17.6,1.2,18.2,18.6,0
18.2,18.6,0,17,18.6,1.2,18.2,18.6,1.2
17,18.6,1.2,17.96,17.6,1.2,18.2,18.6,1.2
18.2,18.6,1.2,17.96,17.6,1.2,18.2,17.6,1.2
17.96,17.6,2,18.2,17.6,1.2,17.96,17.6,1.2
17.96,17.6,2,18.2,17.6,2.2,18.2,17.6,1.2
17.96,17.6,2,17,17.6,2.2,18.2,17.6,2.2
17,17.4,0,17,18.6,0,18.2,17.4,0
17,17.4,0,17,17.4,1.2,17,18.6,0
18.4,17.4,1.2,18.4,17.4,0,19.6,17.4,0
19.36,17.4,1.2,18.4,17.4,1.2,19.6,17.4,0
19.36,17.4,2,19.36,17.4,1.2,19.6,17.4,0
19.6,17.4,2.2,19.36,17.4,2,19.6,17.4,0
19.6,17.4,2.2,19.6,17.4,0,19.6,17.6,1.2
19.6,17.6,1.2,19.6,17.6,2.2,19.6,17.4,2.2
19.6,17.6,2.2,18.4,17.6,2.2,19.6,17.4,2.2
18.4,17.6,2.2,18.4,17.4,2.2,19.6,17.4,2.2
18.4,17.4,2.2,18.4,17.4,2,19.6,17.4,2.2
18.4,17.4,2,19.36,17.4,2,19.6,17.4,2.2
18.4,17.6,2,19.36,17.4,2,18.4,17.4,2
18.4,17.4,2,18.4,17.4,2.2,18.4,17.6,2
18.4,17.6,2,18.4,17.4,2.2,18.4,17.6,2.2
18.4,17.6,2,18.4,17.6,2.2,19.36,17.6,2
19.36,17.6,2,19.36,17.4,2,18.4,17.6,2
19.36,17.6,2,19.36,17.6,1.2,19.36,17.4,2
19.36,17.4,2,19.36,17.6,1.2,19.36,17.4,1.2
19.36,17.4,1.2,19.36,17.6,1.2,18.4,18.6,1.2
18.4,17.4,1.2,19.36,17.4,1.2,18.4,18.6,1.2
18.4,18.6,0,18.4,17.4,1.2,18.4,18.6,1.2
18.4,18.6,0,18.4,18.6,1.2,19.6,18.6,0
19.6,17.4,0,18.4,18.6,0,19.6,18.6,0
19.6,17.6,1.2,19.6,17.4,0,19.6,18.6,0
19.6,18.6,1.2,19.6,17.6,1.2,19.6,18.6,0
19.6,18.6,0,18.4,18.6,1.2,19.6,18.6,1.2
18.4,18.6,1.2,19.36,17.6,1.2,19.6,18.6,1.2
19.6,18.6,1.2,19.36,17.6,1.2,19.6,17.6,1.2
19.36,17.6,2,19.6,17.6,1.2,19.36,17.6,1.2
19.36,17.6,2,19.6,17.6,2.2,19.6,17.6,1.2
19.36,17.6,2,18.4,17.6,2.2,19.6,17.6,2.2
18.4,17.4,0,18.4,18.6,0,19.6,17.4,0
18.4,17.4,0,18.4,17.4,1.2,18.4,18.6,0
18.4,16,1.2,18.4,16,0,19.6,16,0
19.36,16,1.2,18.4,16,1.2,19.6,16,0
19.36,16,2,19.36,16,1.2,19.6,16,0
19.6,16,2.2,19.36,16,2,19.6,16,0
19.6,16,2.2,19.6,16,0,19.6,16.2,1.2
19.6,16.2,1.2,19.6,16.2,2.2,19.6,16,2.2
19.6,16.2,2.2,18.4,16.2,2.2,19.6,16,2.2
18.4,16.2,2.2,18.4,16,2.2,19.6,16,2.2
18.4,16,2.2,18.4,16,2,19.6,16,2.2
18.4,16,2,19.36,16,2,19.6,16,2.2
18.4,16.2,2,19.36,16,2,18.4,16,2
18.4,16,2,18.4,16,2.2,18.4,16.2,2
18.4,16.2,2,18.4,16,2.2,18.4,16.2,2.2
18.4,16.2,2,18.4,16.2,2.2,19.36,16.2,2
19.36,16.2,2,19.36,16,2,18.4,16.2,2
19.36,16.2,2,19.36,16.2,1.2,19.36,16,2
19.36,16,2,19.36,16.2,1.2,19.36,16,1.2
19.36,16,1.2,19.36,16.2,1.2,18.4,17.2,1.2
18.4,16,1.2,19.36,16,1.2,18.4,17.2,1.2
18.4,17.2,0,18.4,16,1.2,18.4,17.2,1.2
18.4,17.2,0,18.4,17.2,1.2,19.6,17.2,0
19.6,16,0,18.4,17.2,0,19.6,17.2,0
19.6,16.2,1.2,19.6,16,0,19.6,17.2,0
19.6,17.2,1.2,19.6,16.2,1.2,19.6,17.2,0
19.6,17.2,0,18.4,17.2,1.2,19.6,17.2,1.2
18.4,17.2,1.2,19.36,16.2,1.2,19.6,17.2,1.2
19.6,17.2,1.2,19.36,16.2,1.2,19.6,16.2,1.2
19.36,16.2,2,19.6,16.2,1.2,19.36,16.2,1.2
19.36,16.2,2,19.6,16.2,2.2,19.6,16.2,1.2
19.36,16.2,2,18.4,16.2,2.2,19.6,16.2,2.2
18.4,16,0,18.4,17.2,0,19.6,16,0
18.4,16,0,18.4,16,1.2,18.4,17.2,0
17,16,1.2,17,16,0,18.2,16,0
17.96,16,1.2,17,16,1.2,18.2,16,0
17.96,16,2,17.96,16,1.2,18.2,16,0
18.2,16,2.2,17.96,16,2,18.2,16,0
18.2,16,2.2,18.2,16,0,18.2,16.2,1.2
18.2,16.2,1.2,18.2,16.2,2.2,18.2,16,2.2
18.2,16.2,2.2,17,16.2,2.2,18.2,16,2.2
17,16.2,2.2,17,16,2.2,18.2,16,2.2
17,16,2.2,17,16,2,18.2,16,2.2
17,16,2,17.96,16,2,18.2,16,2.2
17,16.2,2,17.96,16,2,17,16,2
17,16,2,17,16,2.2,17,16.2,2
17,16.2,2,17,16,2.2,17,16.2,2.2
17,16.2,2,17,16.2,2.2,17.96,16.2,2
17.96,16.2,2,17.96,16,2,17,16.2,2
17.96,16.2,2,17.96,16.2,1.2,17.96,16,2
17.96,16,2,17.96,16.2,1.2,17.96,16,1.2
17.96,16,1.2,17.96,16.2,1.2,17,17.2,1.2
17,16,1.2,17.96,16,1.2,17,17.2,1.2
17,17.2,0,17,16,1.2,17,17.2,1.2
17,17.2,0,17,17.2,1.2,18.2,17.2,0
18.2,16,0,17,17.2,0,18.2,17.2,0
18.2,16.2,1.2,18.2,16,0,18.2,17.2,0
18.2,17.2,1.2,18.2,16.2,1.2,18.2,17.2,0
18.2,17.2,0,17,17.2,1.2,18.2,17.2,1.2
17,17.2,1.2,17.96,16.2,1.2,18.2,17.2,1.2
18.2,17.2,1.2,17.96,16.2,1.2,18.2,16.2,1.2
17.96,16.2,2,18.2,16.2,1.2,17.96,16.2,1.2
17.96,16.2,2,18.2,16.2,2.2,18.2,16.2,1.2
17.96,16.2,2,17,16.2,2.2,18.2,16.2,2.2
17,16,0,17,17.2,0,18.2,16,0
17,16,0,17,16,1.2,17,17.2,0
17,13.4,1.2,17,13.4,0,18.2,13.4,0
17.96,13.4,1.2,17,13.4,1.2,18.2,13.4,0
17.96,13.4,2,17.96,13.4,1.2,18.2,13.4,0
18.2,13.4,2.2,17.96,13.4,2,18.2,13.4,0
18.2,13.4,2.2,18.2,13.4,0,18.2,13.6,1.2
18.2,13.6,1.2,18.2,13.6,2.2,18.2,13.4,2.2
18.2,13.6,2.2,17,13.6,2.2,18.2,13.4,2.2
17,13.6,2.2,17,13.4,2.2,18.2,13.4,2.2
17,13.4,2.2,17,13.4,2,18.2,13.4,2.2
17,13.4,2,17.96,13.4,2,18.2,13.4,2.2
17,13.6,2,17.96,13.4,2,17,13.4,2
17,13.4,2,17,13.4,2.2,17,13.6,2
17,13.6,2,17,13.4,2.2,17,13.6,2.2
17,13.6,2,17,13.6,2.2,17.96,13.6,2
17.96,13.6,2,17.96,13.4,2,17,13.6,2
17.96,13.6,2,17.96,13.6,1.2,17.96,13.4,2
17.96,13.4,2,17.96,13.6,1.2,17.96,13.4,1.2
17.96,13.4,1.2,17.96,13.6,1.2,17,14.6,1.2
17,13.4,1.2,17.96,13.4,1.2,17,14.6,1.2
17,14.6,0,17,13.4,1.2,17,14.6,1.2
17,14.6,0,17,14.6,1.2,18.2,14.6,0
18.2,13.4,0,17,14.6,0,18.2,14.6,0
18.2,13.6,1.2,18.2,13.4,0,18.2,14.6,0
18.2,14.6,1.2,18.2,13.6,1.2,18.2,14.6,0
18.2,14.6,0,17,14.6,1.2,18.2,14.6,1.2
17,14.6,1.2,17.96,13.6,1.2,18.2,14.6,1.2
18.2,14.6,1.2,17.96,13.6,1.2,18.2,13.6,1.2
17.96,13.6,2,18.2,13.6,1.2,17.96,13.6,1.2
17.96,13.6,2,18.2,13.6,2.2,18.2,13.6,1.2
17.96,13.6,2,17,13.6,2.2,18.2,13.6,2.2
17,13.4,0,17,14.6,0,18.2,13.4,0
17,13.4,0,17,13.4,1.2,17,14.6,0
18.4,13.4,1.2,18.4,13.4,0,19.6,13.4,0
19.36,13.4,1.2,18.4,13.4,1.2,19.6,13.4,0
19.36,13.4,2,19.36,13.4,1.2,19.6,13.4,0
19.6,13.4,2.2,19.36,13.4,2,19.6,13.4,0
19.6,13.4,2.2,19.6,13.4,0,19.6,13.6,1.2
19.6,13.6,1.2,19.6,13.6,2.2,19.6,13.4,2.2
19.6,13.6,2.2,18.4,13.6,2.2,19.6,13.4,2.2
18.4,13.6,2.2,18.4,13.4,2.2,19.6,13.4,2.2
18.4,13.4,2.2,18.4,13.4,2,19.6,13.4,2.2
18.4,13.4,2,19.36,13.4,2,19.6,13.4,2.2
18.4,13.6,2,19.36,13.4,2,18.4,13.4,2
18.4,13.4,2,18.4,13.4,2.2,18.4,13.6,2
18.4,13.6,2,18.4,13.4,2.2,18.4,13.6,2.2
18.4,13.6,2,18.4,13.6,2.2,19.36,13.6,2
19.36,13.6,2,19.36,13.4,2,18.4,13.6,2
19.36,13.6,2,19.36,13.6,1.2,19.36,13.4,2
19.36,13.4,2,19.36,13.6,1.2,19.36,13.4,1.2
19.36,13.4,1.2,19.36,13.6,1.2,18.4,14.6,1.2
18.4,13.4,1.2,19.36,13.4,1.2,18.4,14.6,1.2
18.4,14.6,0,18.4,13.4,1.2,18.4,14.6,1.2
18.4,14.6,0,18.4,14.6,1.2,19.6,14.6,0
19.6,13.4,0,18.4,14.6,0,19.6,14.6,0
19.6,13.6,1.2,19.6,13.4,0,19.6,14.6,0
19.6,14.6,1.2,19.6,13.6,1.2,19.6,14.6,0
19.6,14.6,0,18.4,14.6,1.2,19.6,14.6,1.2
18.4,14.6,1.2,19.36,13.6,1.2,19.6,14.6,1.2
19.6,14.6,1.2,19.36,13.6,1.2,19.6,13.6,1.2
19.36,13.6,2,19.6,13.6,1.2,19.36,13.6,1.2
19.36,13.6,2,19.6,13.6,2.2,19.6,13.6,1.2
19.36,13.6,2,18.4,13.6,2.2,19.6,13.6,2.2
18.4,13.4,0,18.4,14.6,0,19.6,13.4,0
18.4,13.4,0,18.4,13.4,1.2,18.4,14.6,0
18.4,12,1.2,18.4,12,0,19.6,12,0
19.36,12,1.2,18.4,12,1.2,19.6,12,0
19.36,12,2,19.36,12,1.2,19.6,12,0
19.6,12,2.2,19.36,12,2,19.6,12,0
19.6,12,2.2,19.6,12,0,19.6,12.2,1.2
19.6,12.2,1.2,19.6,12.2,2.2,19.6,12,2.2
19.6,12.2,2.2,18.4,12.2,2.2,19.6,12,2.2
18.4,12.2,2.2,18.4,12,2.2,19.6,12,2.2
18.4,12,2.2,18.4,12,2,19.6,12,2.2
18.4,12,2,19.36,12,2,19.6,12,2.2
18.4,12.2,2,19.36,12,2,18.4,12,2
18.4,12,2,18.4,12,2.2,18.4,12.2,2
18.4,12.2,2,18.4,12,2.2,18.4,12.2,2.2
18.4,12.2,2,18.4,12.2,2.2,19.36,12.2,2
19.36,12.2,2,19.36,12,2,18.4,12.2,2
19.36,12.2,2,19.36,12.2,1.2,19.36,12,2
19.36,12,2,19.36,12.2,1.2,19.36,12,1.2
19.36,12,1.2,19.36,12.2,1.2,18.4,13.2,1.2
18.4,12,1.2,19.36,12,1.2,18.4,13.2,1.2
18.4,13.2,0,18.4,12,1.2,18.4,13.2,1.2
18.4,13.2,0,18.4,13.2,1.2,19.6,13.2,0
19.6,12,0,18.4,13.2,0,19.6,13.2,0
19.6,12.2,1.2,19.6,12,0,19.6,13.2,0
19.6,13.2,1.2,19.6,12.2,1.2,19.6,13.2,0
19.6,13.2,0,18.4,13.2,1.2,19.6,13.2,1.2
18.4,13.2,1.2,19.36,12.2,1.2,19.6,13.2,1.2
19.6,13.2,1.2,19.36,12.2,1.2,19.6,12.2,1.2
19.36,12.2,2,19.6,12.2,1.2,19.36,12.2,1.2
19.36,12.2,2,19.6,12.2,2.2,19.6,12.2,1.2
19.36,12.2,2,18.4,12.2,2.2,19.6,12.2,2.2
18.4,12,0,18.4,13.2,0,19.6,12,0
18.4,12,0,18.4,12,1.2,18.4,13.2,0
17,12,1.2,17,12,0,18.2,12,0
17.96,12,1.2,17,12,1.2,18.2,12,0
17.96,12,2,17.96,12,1.2,18.2,12,0
18.2,12,2.2,17.96,12,2,18.2,12,0
18.2,12,2.2,18.2,12,0,18.2,12.2,1.2
18.2,12.2,1.2,18.2,12.2,2.2,18.2,12,2.2
18.2,12.2,2.2,17,12.2,2.2,18.2,12,2.2
17,12.2,2.2,17,12,2.2,18.2,12,2.2
17,12,2.2,17,12,2,18.2,12,2.2
17,12,2,17.96,12,2,18.2,12,2.2
17,12.2,2,17.96,12,2,17,12,2
17,12,2,17,12,2.2,17,12.2,2
17,12.2,2,17,12,2.2,17,12.2,2.2
17,12.2,2,17,12.2,2.2,17.96,12.2,2
17.96,12.2,2,17.96,12,2,17,12.2,2
17.96,12.2,2,17.96,12.2,1.2,17.96,12,2
17.96,12,2,17.96,12.2,1.2,17.96,12,1.2
17.96,12,1.2,17.96,12.2,1.2,17,13.2,1.2
17,12,1.2,17.96,12,1.2,17,13.2,1.2
17,13.2,0,17,12,1.2,17,13.2,1.2
17,13.2,0,17,13.2,1.2,18.2,13.2,0
18.2,12,0,17,13.2,0,18.2,13.2,0
18.2,12.2,1.2,18.2,12,0,18.2,13.2,0
18.2,13.2,1.2,18.2,12.2,1.2,18.2,13.2,0
18.2,13.2,0,17,13.2,1.2,18.2,13.2,1.2
17,13.2,1.2,17.96,12.2,1.2,18.2,13.2,1.2
18.2,13.2,1.2,17.96,12.2,1.2,18.2,12.2,1.2
17.96,12.2,2,18.2,12.2,1.2,17.96,12.2,1.2
17.96,12.2,2,18.2,12.2,2.2,18.2,12.2,1.2
17.96,12.2,2,17,12.2,2.2,18.2,12.2,2.2
17,12,0,17,13.2,0,18.2,12,0
17,12,0,17,12,1.2,17,13.2,0
17,9.4,1.2,17,9.4,0,18.2,9.4,0
17.96,9.4,1.2,17,9.4,1.2,18.2,9.4,0
17.96,9.4,2,17.96,9.4,1.2,18.2,9.4,0
18.2,9.4,2.2,17.96,9.4,2,18.2,9.4,0
18.2,9.4,2.2,18.2,9.4,0,18.2,9.6,1.2
18.2,9.6,1.2,18.2,9.6,2.2,18.2,9.4,2.2
18.2,9.6,2.2,17,9.6,2.2,18.2,9.4,2.2
17,9.6,2.2,17,9.4,2.2,18.2,9.4,2.2
17,9.4,2.2,17,9.4,2,18.2,9.4,2.2
17,9.4,2,17.96,9.4,2,18.2,9.4,2.2
17,9.6,2,17.96,9.4,2,17,9.4,2
17,9.4,2,17,9.4,2.2,17,9.6,2
17,9.6,2,17,9.4,2.2,17,9.6,2.2
17,9.6,2,17,9.6,2.2,17.96,9.6,2
17.96,9.6,2,17.96,9.4,2,17,9.6,2
17.96,9.6,2,17.96,9.6,1.2,17.96,9.4,2
17.96,9.4,2,17.96,9.6,1.2,17.96,9.4,1.2
17.96,9.4,1.2,17.96,9.6,1.2,17,10.6,1.2
17,9.4,1.2,17.96,9.4,1.2,17,10.6,1.2
17,10.6,0,17,9.4,1.2,17,10.6,1.2
17,10.6,0,17,10.6,1.2,18.2,10.6,0
18.2,9.4,0,17,10.6,0,18.2,10.6,0
18.2,9.6,1.2,18.2,9.4,0,18.2,10.6,0
18.2,10.6,1.2,18.2,9.6,1.2,18.2,10.6,0
18.2,10.6,0,17,10.6,1.2,18.2,10.6,1.2
17,10.6,1.2,17.96,9.6,1.2,18.2,10.6,1.2
18.2,10.6,1.2,17.96,9.6,1.2,18.2,9.6,1.2
17.96,9.6,2,18.2,9.6,1.2,17.96,9.6,1.2
17.96,9.6,2,18.2,9.6,2.2,18.2,9.6,1.2
17.96,9.6,2,17,9.6,2.2,18.2,9.6,2.2
17,9.4,0,17,10.6,0,18.2,9.4,0
17,9.4,0,17,9.4,1.2,17,10.6,0
18.4,9.4,1.2,18.4,9.4,0,19.6,9.4,0
19.36,9.4,1.2,18.4,9.4,1.2,19.6,9.4,0
19.36,9.4,2,19.36,9.4,1.2,19.6,9.4,0
19.6,9.4,2.2,19.36,9.4,2,19.6,9.4,0
19.6,9.4,2.2,19.6,9.4,0,19.6,9.6,1.2
19.6,9.6,1.2,19.6,9.6,2.2,19.6,9.4,2.2
19.6,9.6,2.2,18.4,9.6,2.2,19.6,9.4,2.2
18.4,9.6,2.2,18.4,9.4,2.2,19.6,9.4,2.2
18.4,9.4,2.2,18.4,9.4,2,19.6,9.4,2.2
18.4,9.4,2,19.36,9.4,2,19.6,9.4,2.2
18.4,9.6,2,19.36,9.4,2,18.4,9.4,2
18.4,9.4,2,18.4,9.4,2.2,18.4,9.6,2
18.4,9.6,2,18.4,9.4,2.2,18.4,9.6,2.2
18.4,9.6,2,18.4,9.6,2.2,19.36,9.6,2
19.36,9.6,2,19.36,9.4,2,18.4,9.6,2
19.36,9.6,2,19.36,9.6,1.2,19.36,9.4,2
19.36,9.4,2,19.36,9.6,1.2,19.36,9.4,1.2
19.36,9.4,1.2,19.36,9.6,1.2,18.4,10.6,1.2
18.4,9.4,1.2,19.36,9.4,1.2,18.4,10.6,1.2
18.4,10.6,0,18.4,9.4,1.2,18.4,10.6,1.2
18.4,10.6,0,18.4,10.6,1.2,19.6,10.6,0
19.6,9.4,0,18.4,10.6,0,19.6,10.6,0
19.6,9.6,1.2,19.6,9.4,0,19.6,10.6,0
19.6,10.6,1.2,19.6,9.6,1.2,19.6,10.6,0
19.6,10.6,0,18.4,10.6,1.2,19.6,10.6,1.2
18.4,10.6,1.2,19.36,9.6,1.2,19.6,10.6,1.2
19.6,10.6,1.2,19.36,9.6,1.2,19.6,9.6,1.2
19.36,9.6,2,19.6,9.6,1.2,19.36,9.6,1.2
19.36,9.6,2,19.6,9.6,2.2,19.6,9.6,1.2
19.36,9.6,2,18.4,9.6,2.2,19.6,9.6,2.2
18.4,9.4,0,18.4,10.6,0,19.6,9.4,0
18.4,9.4,0,18.4,9.4,1.2,18.4,10.6,0
18.4,8,1.2,18.4,8,0,19.6,8,0
19.36,8,1.2,18.4,8,1.2,19.6,8,0
19.36,8,2,19.36,8,1.2,19.6,8,0
19.6,8,2.2,19.36,8,2,19.6,8,0
19.6,8,2.2,19.6,8,0,19.6,8.2,1.2
19.6,8.2,1.2,19.6,8.2,2.2,19.6,8,2.2
19.6,8.2,2.2,18.4,8.2,2.2,19.6,8,2.2
18.4,8.2,2.2,18.4,8,2.2,19.6,8,2.2
18.4,8,2.2,18.4,8,2,19.6,8,2.2
18.4,8,2,19.36,8,2,19.6,8,2.2
18.4,8.2,2,19.36,8,2,18.4,8,2
18.4,8,2,18.4,8,2.2,18.4,8.2,2
18.4,8.2,2,18.4,8,2.2,18.4,8.2,2.2
18.4,8.2,2,18.4,8.2,2.2,19.36,8.2,2
19.36,8.2,2,19.36,8,2,18.4,8.2,2
19.36,8.2,2,19.36,8.2,1.2,19.36,8,2
19.36,8,2,19.36,8.2,1.2,19.36,8,1.2
19.36,8,1.2,19.36,8.2,1.2,18.4,9.2,1.2
18.4,8,1.2,19.36,8,1.2,18.4,9.2,1.2
18.4,9.2,0,18.4,8,1.2,18.4,9.2,1.2
18.4,9.2,0,18.4,9.2,1.2,19.6,9.2,0
19.6,8,0,18.4,9.2,0,19.6,9.2,0
19.6,8.2,1.2,19.6,8,0,19.6,9.2,0
19.6,9.2,1.2,19.6,8.2,1.2,19.6,9.2,0
19.6,9.2,0,18.4,9.2,1.2,19.6,9.2,1.2
18.4,9.2,1.2,19.36,8.2,1.2,19.6,9.2,1.2
19.6,9.2,1.2,19.36,8.2,1.2,19.6,8.2,1.2
19.36,8.2,2,19.6,8.2,1.2,19.36,8.2,1.2
19.36,8.2,2,19.6,8.2,2.2,19.6,8.2,1.2
19.36,8.2,2,18.4,8.2,2.2,19.6,8.2,2.2
18.4,8,0,18.4,9.2,0,19.6,8,0
18.4,8,0,18.4,8,1.2,18.4,9.2,0
17,8,1.2,17,8,0,18.2,8,0
17.96,8,1.2,17,8,1.2,18.2,8,0
17.96,8,2,17.96,8,1.2,18.2,8,0
18.2,8,2.2,17.96,8,2,18.2,8,0
18.2,8,2.2,18.2,8,0,18.2,8.2,1.2
18.2,8.2,1.2,18.2,8.2,2.2,18.2,8,2.2
18.2,8.2,2.2,17,8.2,2.2,18.2,8,2.2
17,8.2,2.2,17,8,2.2,18.2,8,2.2
17,8,2.2,17,8,2,18.2,8,2.2
17,8,2,17.96,8,2,18.2,8,2.2
17,8.2,2,17.96,8,2,17,8,2
17,8,2,17,8,2.2,17,8.2,2
17,8.2,2,17,8,2.2,17,8.2,2.2
17,8.2,2,17,8.2,2.2,17.96,8.2,2
17.96,8.2,2,17.96,8,2,17,8.2,2
17.96,8.2,2,17.96,8.2,1.2,17.96,8,2
17.96,8,2,17.96,8.2,1.2,17.96,8,1.2
17.96,8,1.2,17.96,8.2,1.2,17,9.2,1.2
17,8,1.2,17.96,8,1.2,17,9.2,1.2
17,9.2,0,17,8,1.2,17,9.2,1.2
17,9.2,0,17,9.2,1.2,18.2,9.2,0
18.2,8,0,17,9.2,0,18.2,9.2,0
18.2,8.2,1.2,18.2,8,0,18.2,9.2,0
18.2,9.2,1.2,18.2,8.2,1.2,18.2,9.2,0
18.2,9.2,0,17,9.2,1.2,18.2,9.2,1.2
17,9.2,1.2,17.96,8.2,1.2,18.2,9.2,1.2
18.2,9.2,1.2,17.96,8.2,1.2,18.2,8.2,1.2
17.96,8.2,2,18.2,8.2,1.2,17.96,8.2,1.2
17.96,8.2,2,18.2,8.2,2.2,18.2,8.2,1.2
17.96,8.2,2,17,8.2,2.2,18.2,8.2,2.2
17,8,0,17,9.2,0,18.2,8,0
17,8,0,17,8,1.2,17,9.2,0
3,2.4,1.2,3,2.4,0,4.2,2.4,0
3.96,2.4,1.2,3,2.4,1.2,4.2,2.4,0
3.96,2.4,2,3.96,2.4,1.2,4.2,2.4,0
4.2,2.4,2.2,3.96,2.4,2,4.2,2.4,0
4.2,2.4,2.2,4.2,2.4,0,4.2,2.6,1.2
4.2,2.6,1.2,4.2,2.6,2.2,4.2,2.4,2.2
4.2,2.6,2.2,3,2.6,2.2,4.2,2.4,2.2
3,2.6,2.2,3,2.4,2.2,4.2,2.4,2.2
3,2.4,2.2,3,2.4,2,4.2,2.4,2.2
3,2.4,2,3.96,2.4,2,4.2,2.4,2.2
3,2.6,2,3.96,2.4,2,3,2.4,2
3,2.4,2,3,2.4,2.2,3,2.6,2
3,2.6,2,3,2.4,2.2,3,2.6,2.2
3,2.6,2,3,2.6,2.2,3.96,2.6,2
3.96,2.6,2,3.96,2.4,2,3,2.6,2
3.96,2.6,2,3.96,2.6,1.2,3.96,2.4,2
3.96,2.4,2,3.96,2.6,1.2,3.96,2.4,1.2
3.96,2.4,1.2,3.96,2.6,1.2,3,3.6,1.2
3,2.4,1.2,3.96,2.4,1.2,3,3.6,1.2
3,3.6,0,3,2.4,1.2,3,3.6,1.2
3,3.6,0,3,3.6,1.2,4.2,3.6,0
4.2,2.4,0,3,3.6,0,4.2,3.6,0
4.2,2.6,1.2,4.2,2.4,0,4.2,3.6,0
4.2,3.6,1.2,4.2,2.6,1.2,4.2,3.6,0
4.2,3.6,0,3,3.6,1.2,4.2,3.6,1.2
3,3.6,1.2,3.96,2.6,1.2,4.2,3.6,1.2
4.2,3.6,1.2,3.96,2.6,1.2,4.2,2.6,1.2
3.96,2.6,2,4.2,2.6,1.2,3.96,2.6,1.2
3.96,2.6,2,4.2,2.6,2.2,4.2,2.6,1.2
3.96,2.6,2,3,2.6,2.2,4.2,2.6,2.2
3,2.4,0,3,3.6,0,4.2,2.4,0
3,2.4,0,3,2.4,1.2,3,3.6,0
4.3,2.4,1.2,4.3,2.4,0,5.5,2.4,0
5.26,2.4,1.2,4.3,2.4,1.2,5.5,2.4,0
5.26,2.4,2,5.26,2.4,1.2,5.5,2.4,0
5.5,2.4,2.2,5.26,2.4,2,5.5,2.4,0
5.5,2.4,2.2,5.5,2.4,0,5.5,2.6,1.2
5.5,2.6,1.2,5.5,2.6,2.2,5.5,2.4,2.2
5.5,2.6,2.2,4.3,2.6,2.2,5.5,2.4,2.2
4.3,2.6,2.2,4.3,2.4,2.2,5.5,2.4,2.2
4.3,2.4,2.2,4.3,2.4,2,5.5,2.4,2.2
4.3,2.4,2,5.26,2.4,2,5.5,2.4,2.2
4.3,2.6,2,5.26,2.4,2,4.3,2.4,2
4.3,2.4,2,4.3,2.4,2.2,4.3,2.6,2
4.3,2.6,2,4.3,2.4,2.2,4.3,2.6,2.2
4.3,2.6,2,4.3,2.6,2.2,5.26,2.6,2
5.26,2.6,2,5.26,2.4,2,4.3,2.6,2
5.26,2.6,2,5.26,2.6,1.2,5.26,2.4,2
5.26,2.4,2,5.26,2.6,1.2,5.26,2.4,1.2
5.26,2.4,1.2,5.26,2.6,1.2,4.3,3.6,1.2
4.3,2.4,1.2,5.26,2.4,1.2,4.3,3.6,1.2
4.3,3.6,0,4.3,2.4,1.2,4.3,3.6,1.2
4.3,3.6,0,4.3,3.6,1.2,5.5,3.6,0
5.5,2.4,0,4.3,3.6,0,5.5,3.6,0
5.5,2.6,1.2,5.5,2.4,0,5.5,3.6,0
5.5,3.6,1.2,5.5,2.6,1.2,5.5,3.6,0
5.5,3.6,0,4.3,3.6,1.2,5.5,3.6,1.2
4.3,3.6,1.2,5.26,2.6,1.2,5.5,3.6,1.2
5.5,3.6,1.2,5.26,2.6,1.2,5.5,2.6,1.2
5.26,2.6,2,5.5,2.6,1.2,5.26,2.6,1.2
5.26,2.6,2,5.5,2.6,2.2,5.5,2.6,1.2
5.26,2.6,2,4.3,2.6,2.2,5.5,2.6,2.2
4.3,2.4,0,4.3,3.6,0,5.5,2.4,0
4.3,2.4,0,4.3,2.4,1.2,4.3,3.6,0
5.6,2.4,1.2,5.6,2.4,0,6.8,2.4,0
6.56,2.4,1.2,5.6,2.4,1.2,6.8,2.4,0
6.56,2.4,2,6.56,2.4,1.2,6.8,2.4,0
6.8,2.4,2.2,6.56,2.4,2,6.8,2.4,0
6.8,2.4,2.2,6.8,2.4,0,6.8,2.6,1.2
6.8,2.6,1.2,6.8,2.6,2.2,6.8,2.4,2.2
6.8,2.6,2.2,5.6,2.6,2.2,6.8,2.4,2.2
5.6,2.6,2.2,5.6,2.4,2.2,6.8,2.4,2.2
5.6,2.4,2.2,5.6,2.4,2,6.8,2.4,2.2
5.6,2.4,2,6.56,2.4,2,6.8,2.4,2.2
5.6,2.6,2,6.56,2.4,2,5.6,2.4,2
5.6,2.4,2,5.6,2.4,2.2,5.6,2.6,2
5.6,2.6,2,5.6,2.4,2.2,5.6,2.6,2.2
5.6,2.6,2,5.6,2.6,2.2,6.56,2.6,2
6.56,2.6,2,6.56,2.4,2,5.6,2.6,2
6.56,2.6,2,6.56,2.6,1.2,6.56,2.4,2
6.56,2.4,2,6.56,2.6,1.2,6.56,2.4,1.2
6.56,2.4,1.2,6.56,2.6,1.2,5.6,3.6,1.2
5.6,2.4,1.2,6.56,2.4,1.2,5.6,3.6,1.2
5.6,3.6,0,5.6,2.4,1.2,5.6,3.6,1.2
5.6,3.6,0,5.6,3.6,1.2,6.8,3.6,0
6.8,2.4,0,5.6,3.6,0,6.8,3.6,0
6.8,2.6,1.2,6.8,2.4,0,6.8,3.6,0
6.8,3.6,1.2,6.8,2.6,1.2,6.8,3.6,0
6.8,3.6,0,5.6,3.6,1.2,6.8,3.6,1.2
5.6,3.6,1.2,6.56,2.6,1.2,6.8,3.6,1.2
6.8,3.6,1.2,6.56,2.6,1.2,6.8,2.6,1.2
6.56,2.6,2,6.8,2.6,1.2,6.56,2.6,1.2
6.56,2.6,2,6.8,2.6,2.2,6.8,2.6,1.2
6.56,2.6,2,5.6,2.6,2.2,6.8,2.6,2.2
5.6,2.4,0,5.6,3.6,0,6.8,2.4,0
5.6,2.4,0,5.6,2.4,1.2,5.6,3.6,0
6.9,2.4,1.2,6.9,2.4,0,8.1,2.4,0
7.86,2.4,1.2,6.9,2.4,1.2,8.1,2.4,0
7.86,2.4,2,7.86,2.4,1.2,8.1,2.4,0
8.1,2.4,2.2,7.86,2.4,2,8.1,2.4,0
8.1,2.4,2.2,8.1,2.4,0,8.1,2.6,1.2
8.1,2.6,1.2,8.1,2.6,2.2,8.1,2.4,2.2
8.1,2.6,2.2,6.9,2.6,2.2,8.1,2.4,2.2
6.9,2.6,2.2,6.9,2.4,2.2,8.1,2.4,2.2
6.9,2.4,2.2,6.9,2.4,2,8.1,2.4,2.2
6.9,2.4,2,7.86,2.4,2,8.1,2.4,2.2
6.9,2.6,2,7.86,2.4,2,6.9,2.4,2
6.9,2.4,2,6.9,2.4,2.2,6.9,2.6,2
6.9,2.6,2,6.9,2.4,2.2,6.9,2.6,2.2
6.9,2.6,2,6.9,2.6,2.2,7.86,2.6,2
7.86,2.6,2,7.86,2.4,2,6.9,2.6,2
7.86,2.6,2,7.86,2.6,1.2,7.86,2.4,2
7.86,2.4,2,7.86,2.6,1.2,7.86,2.4,1.2
7.86,2.4,1.2,7.86,2.6,1.2,6.9,3.6,1.2
6.9,2.4,1.2,7.86,2.4,1.2,6.9,3.6,1.2
6.9,3.6,0,6.9,2.4,1.2,6.9,3.6,1.2
6.9,3.6,0,6.9,3.6,1.2,8.1,3.6,0
8.1,2.4,0,6.9,3.6,0,8.1,3.6,0
8.1,2.6,1.2,8.1,2.4,0,8.1,3.6,0
8.1,3.6,1.2,8.1,2.6,1.2,8.1,3.6,0
8.1,3.6,0,6.9,3.6,1.2,8.1,3.6,1.2
6.9,3.6,1.2,7.86,2.6,1.2,8.1,3.6,1.2
8.1,3.6,1.2,7.86,2.6,1.2,8.1,2.6,1.2
7.86,2.6,2,8.1,2.6,1.2,7.86,2.6,1.2
7.86,2.6,2,8.1,2.6,2.2,8.1,2.6,1.2
7.86,2.6,2,6.9,2.6,2.2,8.1,2.6,2.2
6.9,2.4,0,6.9,3.6,0,8.1,2.4,0
6.9,2.4,0,6.9,2.4,1.2,6.9,3.6,0
8.2,2.4,1.2,8.2,2.4,0,9.4,2.4,0
9.16,2.4,1.2,8.2,2.4,1.2,9.4,2.4,0
9.16,2.4,2,9.16,2.4,1.2,9.4,2.4,0
9.4,2.4,2.2,9.16,2.4,2,9.4,2.4,0
9.4,2.4,2.2,9.4,2.4,0,9.4,2.6,1.2
9.4,2.6,1.2,9.4,2.6,2.2,9.4,2.4,2.2
9.4,2.6,2.2,8.2,2.6,2.2,9.4,2.4,2.2
8.2,2.6,2.2,8.2,2.4,2.2,9.4,2.4,2.2
8.2,2.4,2.2,8.2,2.4,2,9.4,2.4,2.2
8.2,2.4,2,9.16,2.4,2,9.4,2.4,2.2
8.2,2.6,2,9.16,2.4,2,8.2,2.4,2
8.2,2.4,2,8.2,2.4,2.2,8.2,2.6,2
8.2,2.6,2,8.2,2.4,2.2,8.2,2.6,2.2
8.2,2.6,2,8.2,2.6,2.2,9.16,2.6,2
9.16,2.6,2,9.16,2.4,2,8.2,2.6,2
9.16,2.6,2,9.16,2.6,1.2,9.16,2.4,2
9.16,2.4,2,9.16,2.6,1.2,9.16,2.4,1.2
9.16,2.4,1.2,9.16,2.6,1.2,8.2,3.6,1.2
8.2,2.4,1.2,9.16,2.4,1.2,8.2,3.6,1.2
8.2,3.6,0,8.2,2.4,1.2,8.2,3.6,1.2
8.2,3.6,0,8.2,3.6,1.2,9.4,3.6,0
9.4,2.4,0,8.2,3.6,0,9.4,3.6,0
9.4,2.6,1.2,9.4,2.4,0,9.4,3.6,0
9.4,3.6,1.2,9.4,2.6,1.2,9.4,3.6,0
9.4,3.6,0,8.2,3.6,1.2,9.4,3.6,1.2
8.2,3.6,1.2,9.16,2.6,1.2,9.4,3.6,1.2
9.4,3.6,1.2,9.16,2.6,1.2,9.4,2.6,1.2
9.16,2.6,2,9.4,2.6,1.2,9.16,2.6,1.2
9.16,2.6,2,9.4,2.6,2.2,9.4,2.6,1.2
9.16,2.6,2,8.2,2.6,2.2,9.4,2.6,2.2
8.2,2.4,0,8.2,3.6,0,9.4,2.4,0
8.2,2.4,0,8.2,2.4,1.2,8.2,3.6,0
9.5,2.4,1.2,9.5,2.4,0,10.7,2.4,0
10.46,2.4,1.2,9.5,2.4,1.2,10.7,2.4,0
10.46,2.4,2,10.46,2.4,1.2,10.7,2.4,0
10.7,2.4,2.2,10.46,2.4,2,10.7,2.4,0
10.7,2.4,2.2,10.7,2.4,0,10.7,2.6,1.2
10.7,2.6,1.2,10.7,2.6,2.2,10.7,2.4,2.2
10.7,2.6,2.2,9.5,2.6,2.2,10.7,2.4,2.2
9.5,2.6,2.2,9.5,2.4,2.2,10.7,2.4,2.2
9.5,2.4,2.2,9.5,2.4,2,10.7,2.4,2.2
9.5,2.4,2,10.46,2.4,2,10.7,2.4,2.2
9.5,2.6,2,10.46,2.4,2,9.5,2.4,2
9.5,2.4,2,9.5,2.4,2.2,9.5,2.6,2
9.5,2.6,2,9.5,2.4,2.2,9.5,2.6,2.2
9.5,2.6,2,9.5,2.6,2.2,10.46,2.6,2
10.46,2.6,2,10.46,2.4,2,9.5,2.6,2
10.46,2.6,2,10.46,2.6,1.2,10.46,2.4,2
10.46,2.4,2,10.46,2.6,1.2,10.46,2.4,1.2
10.46,2.4,1.2,10.46,2.6,1.2,9.5,3.6,1.2
9.5,2.4,1.2,10.46,2.4,1.2,9.5,3.6,1.2
9.5,3.6,0,9.5,2.4,1.2,9.5,3.6,1.2
9.5,3.6,0,9.5,3.6,1.2,10.7,3.6,0
10.7,2.4,0,9.5,3.6,0,10.7,3.6,0
10.7,2.6,1.2,10.7,2.4,0,10.7,3.6,0
10.7,3.6,1.2,10.7,2.6,1.2,10.7,3.6,0
10.7,3.6,0,9.5,3.6,1.2,10.7,3.6,1.2
9.5,3.6,1.2,10.46,2.6,1.2,10.7,3.6,1.2
10.7,3.6,1.2,10.46,2.6,1.2,10.7,2.6,1.2
10.46,2.6,2,10.7,2.6,1.2,10.46,2.6,1.2
10.46,2.6,2,10.7,2.6,2.2,10.7,2.6,1.2
10.46,2.6,2,9.5,2.6,2.2,10.7,2.6,2.2
9.5,2.4,0,9.5,3.6,0,10.7,2.4,0
9.5,2.4,0,9.5,2.4,1.2,9.5,3.6,0
10.8,2.4,1.2,10.8,2.4,0,12,2.4,0
11.76,2.4,1.2,10.8,2.4,1.2,12,2.4,0
11.76,2.4,2,11.76,2.4,1.2,12,2.4,0
12,2.4,2.2,11.76,2.4,2,12,2.4,0
12,2.4,2.2,12,2.4,0,12,2.6,1.2
12,2.6,1.2,12,2.6,2.2,12,2.4,2.2
12,2.6,2.2,10.8,2.6,2.2,12,2.4,2.2
10.8,2.6,2.2,10.8,2.4,2.2,12,2.4,2.2
10.8,2.4,2.2,10.8,2.4,2,12,2.4,2.2
10.8,2.4,2,11.76,2.4,2,12,2.4,2.2
10.8,2.6,2,11.76,2.4,2,10.8,2.4,2
10.8,2.4,2,10.8,2.4,2.2,10.8,2.6,2
10.8,2.6,2,10.8,2.4,2.2,10.8,2.6,2.2
10.8,2.6,2,10.8,2.6,2.2,11.76,2.6,2
11.76,2.6,2,11.76,2.4,2,10.8,2.6,2
11.76,2.6,2,11.76,2.6,1.2,11.76,2.4,2
11.76,2.4,2,11.76,2.6,1.2,11.76,2.4,1.2
11.76,2.4,1.2,11.76,2.6,1.2,10.8,3.6,1.2
10.8,2.4,1.2,11.76,2.4,1.2,10.8,3.6,1.2
10.8,3.6,0,10.8,2.4,1.2,10.8,3.6,1.2
10.8,3.6,0,10.8,3.6,1.2,12,3.6,0
12,2.4,0,10.8,3.6,0,12,3.6,0
12,2.6,1.2,12,2.4,0,12,3.6,0
12,3.6,1.2,12,2.6,1.2,12,3.6,0
12,3.6,0,10.8,3.6,1.2,12,3.6,1.2
10.8,3.6,1.2,11.76,2.6,1.2,12,3.6,1.2
12,3.6,1.2,11.76,2.6,1.2,12,2.6,1.2
11.76,2.6,2,12,2.6,1.2,11.76,2.6,1.2
11.76,2.6,2,12,2.6,2.2,12,2.6,1.2
11.76,2.6,2,10.8,2.6,2.2,12,2.6,2.2
10.8,2.4,0,10.8,3.6,0,12,2.4,0
10.8,2.4,0,10.8,2.4,1.2,10.8,3.6,0
12.1,2.4,1.2,12.1,2.4,0,13.3,2.4,0
13.06,2.4,1.2,12.1,2.4,1.2,13.3,2.4,0
13.06,2.4,2,13.06,2.4,1.2,13.3,2.4,0
13.3,2.4,2.2,13.06,2.4,2,13.3,2.4,0
13.3,2.4,2.2,13.3,2.4,0,13.3,2.6,1.2
13.3,2.6,1.2,13.3,2.6,2.2,13.3,2.4,2.2
13.3,2.6,2.2,12.1,2.6,2.2,13.3,2.4,2.2
12.1,2.6,2.2,12.1,2.4,2.2,13.3,2.4,2.2
12.1,2.4,2.2,12.1,2.4,2,13.3,2.4,2.2
12.1,2.4,2,13.06,2.4,2,13.3,2.4,2.2
12.1,2.6,2,13.06,2.4,2,12.1,2.4,2
12.1,2.4,2,12.1,2.4,2.2,12.1,2.6,2
12.1,2.6,2,12.1,2.4,2.2,12.1,2.6,2.2
12.1,2.6,2,12.1,2.6,2.2,13.06,2.6,2
13.06,2.6,2,13.06,2.4,2,12.1,2.6,2
13.06,2.6,2,13.06,2.6,1.2,13.06,2.4,2
13.06,2.4,2,13.06,2.6,1.2,13.06,2.4,1.2
13.06,2.4,1.2,13.06,2.6,1.2,12.1,3.6,1.2
12.1,2.4,1.2,13.06,2.4,1.2,12.1,3.6,1.2
12.1,3.6,0,12.1,2.4,1.2,12.1,3.6,1.2
12.1,3.6,0,12.1,3.6,1.2,13.3,3.6,0
13.3,2.4,0,12.1,3.6,0,13.3,3.6,0
13.3,2.6,1.2,13.3,2.4,0,13.3,3.6,0
13.3,3.6,1.2,13.3,2.6,1.2,13.3,3.6,0
13.3,3.6,0,12.1,3.6,1.2,13.3,3.6,1.2
12.1,3.6,1.2,13.06,2.6,1.2,13.3,3.6,1.2
13.3,3.6,1.2,13.06,2.6,1.2,13.3,2.6,1.2
13.06,2.6,2,13.3,2.6,1.2,13.06,2.6,1.2
13.06,2.6,2,13.3,2.6,2.2,13.3,2.6,1.2
13.06,2.6,2,12.1,2.6,2.2,13.3,2.6,2.2
12.1,2.4,0,12.1,3.6,0,13.3,2.4,0
12.1,2.4,0,12.1,2.4,1.2,12.1,3.6,0
13.4,2.4,1.2,13.4,2.4,0,14.6,2.4,0
14.36,2.4,1.2,13.4,2.4,1.2,14.6,2.4,0
14.36,2.4,2,14.36,2.4,1.2,14.6,2.4,0
14.6,2.4,2.2,14.36,2.4,2,14.6,2.4,0
14.6,2.4,2.2,14.6,2.4,0,14.6,2.6,1.2
14.6,2.6,1.2,14.6,2.6,2.2,14.6,2.4,2.2
14.6,2.6,2.2,13.4,2.6,2.2,14.6,2.4,2.2
13.4,2.6,2.2,13.4,2.4,2.2,14.6,2.4,2.2
13.4,2.4,2.2,13.4,2.4,2,14.6,2.4,2.2
13.4,2.4,2,14.36,2.4,2,14.6,2.4,2.2
13.4,2.6,2,14.36,2.4,2,13.4,2.4,2
13.4,2.4,2,13.4,2.4,2.2,13.4,2.6,2
13.4,2.6,2,13.4,2.4,2.2,13.4,2.6,2.2
13.4,2.6,2,13.4,2.6,2.2,14.36,2.6,2
14.36,2.6,2,14.36,2.4,2,13.4,2.6,2
14.36,2.6,2,14.36,2.6,1.2,14.36,2.4,2
14.36,2.4,2,14.36,2.6,1.2,14.36,2.4,1.2
14.36,2.4,1.2,14.36,2.6,1.2,13.4,3.6,1.2
13.4,2.4,1.2,14.36,2.4,1.2,13.4,3.6,1.2
13.4,3.6,0,13.4,2.4,1.2,13.4,3.6,1.2
13.4,3.6,0,13.4,3.6,1.2,14.6,3.6,0
14.6,2.4,0,13.4,3.6,0,14.6,3.6,0
14.6,2.6,1.2,14.6,2.4,0,14.6,3.6,0
14.6,3.6,1.2,14.6,2.6,1.2,14.6,3.6,0
14.6,3.6,0,13.4,3.6,1.2,14.6,3.6,1.2
13.4,3.6,1.2,14.36,2.6,1.2,14.6,3.6,1.2
14.6,3.6,1.2,14.36,2.6,1.2,14.6,2.6,1.2
14.36,2.6,2,14.6,2.6,1.2,14.36,2.6,1.2
14.36,2.6,2,14.6,2.6,2.2,14.6,2.6,1.2
14.36,2.6,2,13.4,2.6,2.2,14.6,2.6,2.2
13.4,2.4,0,13.4,3.6,0,14.6,2.4,0
13.4,2.4,0,13.4,2.4,1.2,13.4,3.6,0
14.7,2.4,1.2,14.7,2.4,0,15.9,2.4,0
15.66,2.4,1.2,14.7,2.4,1.2,15.9,2.4,0
15.66,2.4,2,15.66,2.4,1.2,15.9,2.4,0
15.9,2.4,2.2,15.66,2.4,2,15.9,2.4,0
15.9,2.4,2.2,15.9,2.4,0,15.9,2.6,1.2
15.9,2.6,1.2,15.9,2.6,2.2,15.9,2.4,2.2
15.9,2.6,2.2,14.7,2.6,2.2,15.9,2.4,2.2
14.7,2.6,2.2,14.7,2.4,2.2,15.9,2.4,2.2
14.7,2.4,2.2,14.7,2.4,2,15.9,2.4,2.2
14.7,2.4,2,15.66,2.4,2,15.9,2.4,2.2
14.7,2.6,2,15.66,2.4,2,14.7,2.4,2
14.7,2.4,2,14.7,2.4,2.2,14.7,2.6,2
14.7,2.6,2,14.7,2.4,2.2,14.7,2.6,2.2
14.7,2.6,2,14.7,2.6,2.2,15.66,2.6,2
15.66,2.6,2,15.66,2.4,2,14.7,2.6,2
15.66,2.6,2,15.66,2.6,1.2,15.66,2.4,2
15.66,2.4,2,15.66,2.6,1.2,15.66,2.4,1.2
15.66,2.4,1.2,15.66,2.6,1.2,14.7,3.6,1.2
14.7,2.4,1.2,15.66,2.4,1.2,14.7,3.6,1.2
14.7,3.6,0,14.7,2.4,1.2,14.7,3.6,1.2
14.7,3.6,0,14.7,3.6,1.2,15.9,3.6,0
15.9,2.4,0,14.7,3.6,0,15.9,3.6,0
15.9,2.6,1.2,15.9,2.4,0,15.9,3.6,0
15.9,3.6,1.2,15.9,2.6,1.2,15.9,3.6,0
15.9,3.6,0,14.7,3.6,1.2,15.9,3.6,1.2
14.7,3.6,1.2,15.66,2.6,1.2,15.9,3.6,1.2
15.9,3.6,1.2,15.66,2.6,1.2,15.9,2.6,1.2
15.66,2.6,2,15.9,2.6,1.2,15.66,2.6,1.2
15.66,2.6,2,15.9,2.6,2.2,15.9,2.6,1.2
15.66,2.6,2,14.7,2.6,2.2,15.9,2.6,2.2
14.7,2.4,0,14.7,3.6,0,15.9,2.4,0
14.7,2.4,0,14.7,2.4,1.2,14.7,3.6,0
14.7,1,1.2,14.7,1,0,15.9,1,0
15.66,1,1.2,14.7,1,1.2,15.9,1,0
15.66,1,2,15.66,1,1.2,15.9,1,0
15.9,1,2.2,15.66,1,2,15.9,1,0
15.9,1,2.2,15.9,1,0,15.9,1.2,1.2
15.9,1.2,1.2,15.9,1.2,2.2,15.9,1,2.2
15.9,1.2,2.2,14.7,1.2,2.2,15.9,1,2.2
14.7,1.2,2.2,14.7,1,2.2,15.9,1,2.2
14.7,1,2.2,14.7,1,2,15.9,1,2.2
14.7,1,2,15.66,1,2,15.9,1,2.2
14.7,1.2,2,15.66,1,2,14.7,1,2
14.7,1,2,14.7,1,2.2,14.7,1.2,2
14.7,1.2,2,14.7,1,2.2,14.7,1.2,2.2
14.7,1.2,2,14.7,1.2,2.2,15.66,1.2,2
15.66,1.2,2,15.66,1,2,14.7,1.2,2
15.66,1.2,2,15.66,1.2,1.2,15.66,1,2
15.66,1,2,15.66,1.2,1.2,15.66,1,1.2
15.66,1,1.2,15.66,1.2,1.2,14.7,2.2,1.2
14.7,1,1.2,15.66,1,1.2,14.7,2.2,1.2
14.7,2.2,0,14.7,1,1.2,14.7,2.2,1.2
14.7,2.2,0,14.7,2.2,1.2,15.9,2.2,0
15.9,1,0,14.7,2.2,0,15.9,2.2,0
15.9,1.2,1.2,15.9,1,0,15.9,2.2,0
15.9,2.2,1.2,15.9,1.2,1.2,15.9,2.2,0
15.9,2.2,0,14.7,2.2,1.2,15.9,2.2,1.2
14.7,2.2,1.2,15.66,1.2,1.2,15.9,2.2,1.2
15.9,2.2,1.2,15.66,1.2,1.2,15.9,1.2,1.2
15.66,1.2,2,15.9,1.2,1.2,15.66,1.2,1.2
15.66,1.2,2,15.9,1.2,2.2,15.9,1.2,1.2
15.66,1.2,2,14.7,1.2,2.2,15.9,1.2,2.2
14.7,1,0,14.7,2.2,0,15.9,1,0
14.7,1,0,14.7,1,1.2,14.7,2.2,0
13.4,1,1.2,13.4,1,0,14.6,1,0
14.36,1,1.2,13.4,1,1.2,14.6,1,0
14.36,1,2,14.36,1,1.2,14.6,1,0
14.6,1,2.2,14.36,1,2,14.6,1,0
14.6,1,2.2,14.6,1,0,14.6,1.2,1.2
14.6,1.2,1.2,14.6,1.2,2.2,14.6,1,2.2
14.6,1.2,2.2,13.4,1.2,2.2,14.6,1,2.2
13.4,1.2,2.2,13.4,1,2.2,14.6,1,2.2
13.4,1,2.2,13.4,1,2,14.6,1,2.2
13.4,1,2,14.36,1,2,14.6,1,2.2
13.4,1.2,2,14.36,1,2,13.4,1,2
13.4,1,2,13.4,1,2.2,13.4,1.2,2
13.4,1.2,2,13.4,1,2.2,13.4,1.2,2.2
13.4,1.2,2,13.4,1.2,2.2,14.36,1.2,2
14.36,1.2,2,14.36,1,2,13.4,1.2,2
14.36,1.2,2,14.36,1.2,1.2,14.36,1,2
14.36,1,2,14.36,1.2,1.2,14.36,1,1.2
14.36,1,1.2,14.36,1.2,1.2,13.4,2.2,1.2
13.4,1,1.2,14.36,1,1.2,13.4,2.2,1.2
13.4,2.2,0,13.4,1,1.2,13.4,2.2,1.2
13.4,2.2,0,13.4,2.2,1.2,14.6,2.2,0
14.6,1,0,13.4,2.2,0,14.6,2.2,0
14.6,1.2,1.2,14.6,1,0,14.6,2.2,0
14.6,2.2,1.2,14.6,1.2,1.2,14.6,2.2,0
14.6,2.2,0,13.4,2.2,1.2,14.6,2.2,1.2
13.4,2.2,1.2,14.36,1.2,1.2,14.6,2.2,1.2
14.6,2.2,1.2,14.36,1.2,1.2,14.6,1.2,1.2
14.36,1.2,2,14.6,1.2,1.2,14.36,1.2,1.2
14.36,1.2,2,14.6,1.2,2.2,14.6,1.2,1.2
14.36,1.2,2,13.4,1.2,2.2,14.6,1.2,2.2
13.4,1,0,13.4,2.2,0,14.6,1,0
13.4,1,0,13.4,1,1.2,13.4,2.2,0
12.1,1,1.2,12.1,1,0,13.3,1,0
13.06,1,1.2,12.1,1,1.2,13.3,1,0
13.06,1,2,13.06,1,1.2,13.3,1,0
13.3,1,2.2,13.06,1,2,13.3,1,0
13.3,1,2.2,13.3,1,0,13.3,1.2,1.2
13.3,1.2,1.2,13.3,1.2,2.2,13.3,1,2.2
13.3,1.2,2.2,12.1,1.2,2.2,13.3,1,2.2
12.1,1.2,2.2,12.1,1,2.2,13.3,1,2.2
12.1,1,2.2,12.1,1,2,13.3,1,2.2
12.1,1,2,13.06,1,2,13.3,1,2.2
12.1,1.2,2,13.06,1,2,12.1,1,2
12.1,1,2,12.1,1,2.2,12.1,1.2,2
12.1,1.2,2,12.1,1,2.2,12.1,1.2,2.2
12.1,1.2,2,12.1,1.2,2.2,13.06,1.2,2
13.06,1.2,2,13.06,1,2,12.1,1.2,2
13.06,1.2,2,13.06,1.2,1.2,13.06,1,2
13.06,1,2,13.06,1.2,1.2,13.06,1,1.2
13.06,1,1.2,13.06,1.2,1.2,12.1,2.2,1.2
12.1,1,1.2,13.06,1,1.2,12.1,2.2,1.2
12.1,2.2,0,12.1,1,1.2,12.1,2.2,1.2
12.1,2.2,0,12.1,2.2,1.2,13.3,2.2,0
13.3,1,0,12.1,2.2,0,13.3,2.2,0
13.3,1.2,1.2,13.3,1,0,13.3,2.2,0
13.3,2.2,1.2,13.3,1.2,1.2,13.3,2.2,0
13.3,2.2,0,12.1,2.2,1.2,13.3,2.2,1.2
12.1,2.2,1.2,13.06,1.2,1.2,13.3,2.2,1.2
13.3,2.2,1.2,13.06,1.2,1.2,13.3,1.2,1.2
13.06,1.2,2,13.3,1.2,1.2,13.06,1.2,1.2
13.06,1.2,2,13.3,1.2,2.2,13.3,1.2,1.2
13.06,1.2,2,12.1,1.2,2.2,13.3,1.2,2.2
12.1,1,0,12.1,2.2,0,13.3,1,0
12.1,1,0,12.1,1,1.2,12.1,2.2,0
10.8,1,1.2,10.8,1,0,12,1,0
11.76,1,1.2,10.8,1,1.2,12,1,0
11.76,1,2,11.76,1,1.2,12,1,0
12,1,2.2,11.76,1,2,12,1,0
12,1,2.2,12,1,0,12,1.2,1.2
12,1.2,1.2,12,1.2,2.2,12,1,2.2
12,1.2,2.2,10.8,1.2,2.2,12,1,2.2
10.8,1.2,2.2,10.8,1,2.2,12,1,2.2
10.8,1,2.2,10.8,1,2,12,1,2.2
10.8,1,2,11.76,1,2,12,1,2.2
10.8,1.2,2,11.76,1,2,10.8,1,2
10.8,1,2,10.8,1,2.2,10.8,1.2,2
10.8,1.2,2,10.8,1,2.2,10.8,1.2,2.2
10.8,1.2,2,10.8,1.2,2.2,11.76,1.2,2
11.76,1.2,2,11.76,1,2,10.8,1.2,2
11.76,1.2,2,11.76,1.2,1.2,11.76,1,2
11.76,1,2,11.76,1.2,1.2,11.76,1,1.2
11.76,1,1.2,11.76,1.2,1.2,10.8,2.2,1.2
10.8,1,1.2,11.76,1,1.2,10.8,2.2,1.2
10.8,2.2,0,10.8,1,1.2,10.8,2.2,1.2
10.8,2.2,0,10.8,2.2,1.2,12,2.2,0
12,1,0,10.8,2.2,0,12,2.2,0
12,1.2,1.2,12,1,0,12,2.2,0
12,2.2,1.2,12,1.2,1.2,12,2.2,0
12,2.2,0,10.8,2.2,1.2,12,2.2,1.2
10.8,2.2,1.2,11.76,1.2,1.2,12,2.2,1.2
12,2.2,1.2,11.76,1.2,1.2,12,1.2,1.2
11.76,1.2,2,12,1.2,1.2,11.76,1.2,1.2
11.76,1.2,2,12,1.2,2.2,12,1.2,1.2
11.76,1.2,2,10.8,1.2,2.2,12,1.2,2.2
10.8,1,0,10.8,2.2,0,12,1,0
10.8,1,0,10.8,1,1.2,10.8,2.2,0
9.5,1,1.2,9.5,1,0,10.7,1,0
10.46,1,1.2,9.5,1,1.2,10.7,1,0
10.46,1,2,10.46,1,1.2,10.7,1,0
10.7,1,2.2,10.46,1,2,10.7,1,0
10.7,1,2.2,10.7,1,0,10.7,1.2,1.2
10.7,1.2,1.2,10.7,1.2,2.2,10.7,1,2.2
10.7,1.2,2.2,9.5,1.2,2.2,10.7,1,2.2
9.5,1.2,2.2,9.5,1,2.2,10.7,1,2.2
9.5,1,2.2,9.5,1,2,10.7,1,2.2
9.5,1,2,10.46,1,2,10.7,1,2.2
9.5,1.2,2,10.46,1,2,9.5,1,2
9.5,1,2,9.5,1,2.2,9.5,1.2,2
9.5,1.2,2,9.5,1,2.2,9.5,1.2,2.2
9.5,1.2,2,9.5,1.2,2.2,10.46,1.2,2
10.46,1.2,2,10.46,1,2,9.5,1.2,2
10.46,1.2,2,10.46,1.2,1.2,10.46,1,2
10.46,1,2,10.46,1.2,1.2,10.46,1,1.2
10.46,1,1.2,10.46,1.2,1.2,9.5,2.2,1.2
9.5,1,1.2,10.46,1,1.2,9.5,2.2,1.2
9.5,2.2,0,9.5,1,1.2,9.5,2.2,1.2
9.5,2.2,0,9.5,2.2,1.2,10.7,2.2,0
10.7,1,0,9.5,2.2,0,10.7,2.2,0
10.7,1.2,1.2,10.7,1,0,10.7,2.2,0
10.7,2.2,1.2,10.7,1.2,1.2,10.7,2.2,0
10.7,2.2,0,9.5,2.2,1.2,10.7,2.2,1.2
9.5,2.2,1.2,10.46,1.2,1.2,10.7,2.2,1.2
10.7,2.2,1.2,10.46,1.2,1.2,10.7,1.2,1.2
10.46,1.2,2,10.7,1.2,1.2,10.46,1.2,1.2
10.46,1.2,2,10.7,1.2,2.2,10.7,1.2,1.2
10.46,1.2,2,9.5,1.2,2.2,10.7,1.2,2.2
9.5,1,0,9.5,2.2,0,10.7,1,0
9.5,1,0,9.5,1,1.2,9.5,2.2,0
8.2,1,1.2,8.2,1,0,9.4,1,0
9.16,1,1.2,8.2,1,1.2,9.4,1,0
9.16,1,2,9.16,1,1.2,9.4,1,0
9.4,1,2.2,9.16,1,2,9.4,1,0
9.4,1,2.2,9.4,1,0,9.4,1.2,1.2
9.4,1.2,1.2,9.4,1.2,2.2,9.4,1,2.2
9.4,1.2,2.2,8.2,1.2,2.2,9.4,1,2.2
8.2,1.2,2.2,8.2,1,2.2,9.4,1,2.2
8.2,1,2.2,8.2,1,2,9.4,1,2.2
8.2,1,2,9.16,1,2,9.4,1,2.2
8.2,1.2,2,9.16,1,2,8.2,1,2
8.2,1,2,8.2,1,2.2,8.2,1.2,2
8.2,1.2,2,8.2,1,2.2,8.2,1.2,2.2
8.2,1.2,2,8.2,1.2,2.2,9.16,1.2,2
9.16,1.2,2,9.16,1,2,8.2,1.2,2
9.16,1.2,2,9.16,1.2,1.2,9.16,1,2
9.16,1,2,9.16,1.2,1.2,9.16,1,1.2
9.16,1,1.2,9.16,1.2,1.2,8.2,2.2,1.2
8.2,1,1.2,9.16,1,1.2,8.2,2.2,1.2
8.2,2.2,0,8.2,1,1.2,8.2,2.2,1.2
8.2,2.2,0,8.2,2.2,1.2,9.4,2.2,0
9.4,1,0,8.2,2.2,0,9.4,2.2,0
9.4,1.2,1.2,9.4,1,0,9.4,2.2,0
9.4,2.2,1.2,9.4,1.2,1.2,9.4,2.2,0
9.4,2.2,0,8.2,2.2,1.2,9.4,2.2,1.2
8.2,2.2,1.2,9.16,1.2,1.2,9.4,2.2,1.2
9.4,2.2,1.2,9.16,1.2,1.2,9.4,1.2,1.2
9.16,1.2,2,9.4,1.2,1.2,9.16,1.2,1.2
9.16,1.2,2,9.4,1.2,2.2,9.4,1.2,1.2
9.16,1.2,2,8.2,1.2,2.2,9.4,1.2,2.2
8.2,1,0,8.2,2.2,0,9.4,1,0
8.2,1,0,8.2,1,1.2,8.2,2.2,0
6.9,1,1.2,6.9,1,0,8.1,1,0
7.86,1,1.2,6.9,1,1.2,8.1,1,0
7.86,1,2,7.86,1,1.2,8.1,1,0
8.1,1,2.2,7.86,1,2,8.1,1,0
8.1,1,2.2,8.1,1,0,8.1,1.2,1.2
8.1,1.2,1.2,8.1,1.2,2.2,8.1,1,2.2
8.1,1.2,2.2,6.9,1.2,2.2,8.1,1,2.2
6.9,1.2,2.2,6.9,1,2.2,8.1,1,2.2
6.9,1,2.2,6.9,1,2,8.1,1,2.2
6.9,1,2,7.86,1,2,8.1,1,2.2
6.9,1.2,2,7.86,1,2,6.9,1,2
6.9,1,2,6.9,1,2.2,6.9,1.2,2
6.9,1.2,2,6.9,1,2.2,6.9,1.2,2.2
6.9,1.2,2,6.9,1.2,2.2,7.86,1.2,2
7.86,1.2,2,7.86,1,2,6.9,1.2,2
7.86,1.2,2,7.86,1.2,1.2,7.86,1,2
7.86,1,2,7.86,1.2,1.2,7.86,1,1.2
7.86,1,1.2,7.86,1.2,1.2,6.9,2.2,1.2
6.9,1,1.2,7.86,1,1.2,6.9,2.2,1.2
6.9,2.2,0,6.9,1,1.2,6.9,2.2,1.2
6.9,2.2,0,6.9,2.2,1.2,8.1,2.2,0
8.1,1,0,6.9,2.2,0,8.1,2.2,0
8.1,1.2,1.2,8.1,1,0,8.1,2.2,0
8.1,2.2,1.2,8.1,1.2,1.2,8.1,2.2,0
8.1,2.2,0,6.9,2.2,1.2,8.1,2.2,1.2
6.9,2.2,1.2,7.86,1.2,1.2,8.1,2.2,1.2
8.1,2.2,1.2,7.86,1.2,1.2,8.1,1.2,1.2
7.86,1.2,2,8.1,1.2,1.2,7.86,1.2,1.2
7.86,1.2,2,8.1,1.2,2.2,8.1,1.2,1.2
7.86,1.2,2,6.9,1.2,2.2,8.1,1.2,2.2
6.9,1,0,6.9,2.2,0,8.1,1,0
6.9,1,0,6.9,1,1.2,6.9,2.2,0
5.6,1,1.2,5.6,1,0,6.8,1,0
6.56,1,1.2,5.6,1,1.2,6.8,1,0
6.56,1,2,6.56,1,1.2,6.8,1,0
6.8,1,2.2,6.56,1,2,6.8,1,0
6.8,1,2.2,6.8,1,0,6.8,1.2,1.2
6.8,1.2,1.2,6.8,1.2,2.2,6.8,1,2.2
6.8,1.2,2.2,5.6,1.2,2.2,6.8,1,2.2
5.6,1.2,2.2,5.6,1,2.2,6.8,1,2.2
5.6,1,2.2,5.6,1,2,6.8,1,2.2
5.6,1,2,6.56,1,2,6.8,1,2.2
5.6,1.2,2,6.56,1,2,5.6,1,2
5.6,1,2,5.6,1,2.2,5.6,1.2,2
5.6,1.2,2,5.6,1,2.2,5.6,1.2,2.2
5.6,1.2,2,5.6,1.2,2.2,6.56,1.2,2
6.56,1.2,2,6.56,1,2,5.6,1.2,2
6.56,1.2,2,6.56,1.2,1.2,6.56,1,2
6.56,1,2,6.56,1.2,1.2,6.56,1,1.2
6.56,1,1.2,6.56,1.2,1.2,5.6,2.2,1.2
5.6,1,1.2,6.56,1,1.2,5.6,2.2,1.2
5.6,2.2,0,5.6,1,1.2,5.6,2.2,1.2
5.6,2.2,0,5.6,2.2,1.2,6.8,2.2,0
6.8,1,0,5.6,2.2,0,6.8,2.2,0
6.8,1.2,1.2,6.8,1,0,6.8,2.2,0
6.8,2.2,1.2,6.8,1.2,1.2,6.8,2.2,0
6.8,2.2,0,5.6,2.2,1.2,6.8,2.2,1.2
5.6,2.2,1.2,6.56,1.2,1.2,6.8,2.2,1.2
6.8,2.2,1.2,6.56,1.2,1.2,6.8,1.2,1.2
6.56,1.2,2,6.8,1.2,1.2,6.56,1.2,1.2
6.56,1.2,2,6.8,1.2,2.2,6.8,1.2,1.2
6.56,1.2,2,5.6,1.2,2.2,6.8,1.2,2.2
5.6,1,0,5.6,2.2,0,6.8,1,0
5.6,1,0,5.6,1,1.2,5.6,2.2,0
4.3,1,1.2,4.3,1,0,5.5,1,0
5.26,1,1.2,4.3,1,1.2,5.5,1,0
5.26,1,2,5.26,1,1.2,5.5,1,0
5.5,1,2.2,5.26,1,2,5.5,1,0
5.5,1,2.2,5.5,1,0,5.5,1.2,1.2
5.5,1.2,1.2,5.5,1.2,2.2,5.5,1,2.2
5.5,1.2,2.2,4.3,1.2,2.2,5.5,1,2.2
4.3,1.2,2.2,4.3,1,2.2,5.5,1,2.2
4.3,1,2.2,4.3,1,2,5.5,1,2.2
4.3,1,2,5.26,1,2,5.5,1,2.2
4.3,1.2,2,5.26,1,2,4.3,1,2
4.3,1,2,4.3,1,2.2,4.3,1.2,2
4.3,1.2,2,4.3,1,2.2,4.3,1.2,2.2
4.3,1.2,2,4.3,1.2,2.2,5.26,1.2,2
5.26,1.2,2,5.26,1,2,4.3,1.2,2
5.26,1.2,2,5.26,1.2,1.2,5.26,1,2
5.26,1,2,5.26,1.2,1.2,5.26,1,1.2
5.26,1,1.2,5.26,1.2,1.2,4.3,2.2,1.2
4.3,1,1.2,5.26,1,1.2,4.3,2.2,1.2
4.3,2.2,0,4.3,1,1.2,4.3,2.2,1.2
4.3,2.2,0,4.3,2.2,1.2,5.5,2.2,0
5.5,1,0,4.3,2.2,0,5.5,2.2,0
5.5,1.2,1.2,5.5,1,0,5.5,2.2,0
5.5,2.2,1.2,5.5,1.2,1.2,5.5,2.2,0
5.5,2.2,0,4.3,2.2,1.2,5.5,2.2,1.2
4.3,2.2,1.2,5.26,1.2,1.2,5.5,2.2,1.2
5.5,2.2,1.2,5.26,1.2,1.2,5.5,1.2,1.2
5.26,1.2,2,5.5,1.2,1.2,5.26,1.2,1.2
5.26,1.2,2,5.5,1.2,2.2,5.5,1.2,1.2
5.26,1.2,2,4.3,1.2,2.2,5.5,1.2,2.2
4.3,1,0,4.3,2.2,0,5.5,1,0
4.3,1,0,4.3,1,1.2,4.3,2.2,0
3,1,1.2,3,1,0,4.2,1,0
3.96,1,1.2,3,1,1.2,4.2,1,0
3.96,1,2,3.96,1,1.2,4.2,1,0
4.2,1,2.2,3.96,1,2,4.2,1,0
4.2,1,2.2,4.2,1,0,4.2,1.2,1.2
4.2,1.2,1.2,4.2,1.2,2.2,4.2,1,2.2
4.2,1.2,2.2,3,1.2,2.2,4.2,1,2.2
3,1.2,2.2,3,1,2.2,4.2,1,2.2
3,1,2.2,3,1,2,4.2,1,2.2
3,1,2,3.96,1,2,4.2,1,2.2
3,1.2,2,3.96,1,2,3,1,2
3,1,2,3,1,2.2,3,1.2,2
3,1.2,2,3,1,2.2,3,1.2,2.2
3,1.2,2,3,1.2,2.2,3.96,1.2,2
3.96,1.2,2,3.96,1,2,3,1.2,2
3.96,1.2,2,3.96,1.2,1.2,3.96,1,2
3.96,1,2,3.96,1.2,1.2,3.96,1,1.2
3.96,1,1.2,3.96,1.2,1.2,3,2.2,1.2
3,1,1.2,3.96,1,1.2,3,2.2,1.2
3,2.2,0,3,1,1.2,3,2.2,1.2
3,2.2,0,3,2.2,1.2,4.2,2.2,0
4.2,1,0,3,2.2,0,4.2,2.2,0
4.2,1.2,1.2,4.2,1,0,4.2,2.2,0
4.2,2.2,1.2,4.2,1.2,1.2,4.2,2.2,0
4.2,2.2,0,3,2.2,1.2,4.2,2.2,1.2
3,2.2,1.2,3.96,1.2,1.2,4.2,2.2,1.2
4.2,2.2,1.2,3.96,1.2,1.2,4.2,1.2,1.2
3.96,1.2,2,4.2,1.2,1.2,3.96,1.2,1.2
3.96,1.2,2,4.2,1.2,2.2,4.2,1.2,1.2
3.96,1.2,2,3,1.2,2.2,4.2,1.2,2.2
3,1,0,3,2.2,0,4.2,1,0
3,1,0,3,1,1.2,3,2.2,0
3,5,1.2,3,5,0,4.2,5,0
3.96,5,1.2,3,5,1.2,4.2,5,0
3.96,5,2,3.96,5,1.2,4.2,5,0
4.2,5,2.2,3.96,5,2,4.2,5,0
4.2,5,2.2,4.2,5,0,4.2,5.2,1.2
4.2,5.2,1.2,4.2,5.2,2.2,4.2,5,2.2
4.2,5.2,2.2,3,5.2,2.2,4.2,5,2.2
3,5.2,2.2,3,5,2.2,4.2,5,2.2
3,5,2.2,3,5,2,4.2,5,2.2
3,5,2,3.96,5,2,4.2,5,2.2
3,5.2,2,3.96,5,2,3,5,2
3,5,2,3,5,2.2,3,5.2,2
3,5.2,2,3,5,2.2,3,5.2,2.2
3,5.2,2,3,5.2,2.2,3.96,5.2,2
3.96,5.2,2,3.96,5,2,3,5.2,2
3.96,5.2,2,3.96,5.2,1.2,3.96,5,2
3.96,5,2,3.96,5.2,1.2,3.96,5,1.2
3.96,5,1.2,3.96,5.2,1.2,3,6.2,1.2
3,5,1.2,3.96,5,1.2,3,6.2,1.2
3,6.2,0,3,5,1.2,3,6.2,1.2
3,6.2,0,3,6.2,1.2,4.2,6.2,0
4.2,5,0,3,6.2,0,4.2,6.2,0
4.2,5.2,1.2,4.2,5,0,4.2,6.2,0
4.2,6.2,1.2,4.2,5.2,1.2,4.2,6.2,0
4.2,6.2,0,3,6.2,1.2,4.2,6.2,1.2
3,6.2,1.2,3.96,5.2,1.2,4.2,6.2,1.2
4.2,6.2,1.2,3.96,5.2,1.2,4.2,5.2,1.2
3.96,5.2,2,4.2,5.2,1.2,3.96,5.2,1.2
3.96,5.2,2,4.2,5.2,2.2,4.2,5.2,1.2
3.96,5.2,2,3,5.2,2.2,4.2,5.2,2.2
3,5,0,3,6.2,0,4.2,5,0
3,5,0,3,5,1.2,3,6.2,0
4.4,5,1.2,4.4,5,0,5.6,5,0
5.36,5,1.2,4.4,5,1.2,5.6,5,0
5.36,5,2,5.36,5,1.2,5.6,5,0
5.6,5,2.2,5.36,5,2,5.6,5,0
5.6,5,2.2,5.6,5,0,5.6,5.2,1.2
5.6,5.2,1.2,5.6,5.2,2.2,5.6,5,2.2
5.6,5.2,2.2,4.4,5.2,2.2,5.6,5,2.2
4.4,5.2,2.2,4.4,5,2.2,5.6,5,2.2
4.4,5,2.2,4.4,5,2,5.6,5,2.2
4.4,5,2,5.36,5,2,5.6,5,2.2
4.4,5.2,2,5.36,5,2,4.4,5,2
4.4,5,2,4.4,5,2.2,4.4,5.2,2
4.4,5.2,2,4.4,5,2.2,4.4,5.2,2.2
4.4,5.2,2,4.4,5.2,2.2,5.36,5.2,2
5.36,5.2,2,5.36,5,2,4.4,5.2,2
5.36,5.2,2,5.36,5.2,1.2,5.36,5,2
5.36,5,2,5.36,5.2,1.2,5.36,5,1.2
5.36,5,1.2,5.36,5.2,1.2,4.4,6.2,1.2
4.4,5,1.2,5.36,5,1.2,4.4,6.2,1.2
4.4,6.2,0,4.4,5,1.2,4.4,6.2,1.2
4.4,6.2,0,4.4,6.2,1.2,5.6,6.2,0
5.6,5,0,4.4,6.2,0,5.6,6.2,0
5.6,5.2,1.2,5.6,5,0,5.6,6.2,0
5.6,6.2,1.2,5.6,5.2,1.2,5.6,6.2,0
5.6,6.2,0,4.4,6.2,1.2,5.6,6.2,1.2
4.4,6.2,1.2,5.36,5.2,1.2,5.6,6.2,1.2
5.6,6.2,1.2,5.36,5.2,1.2,5.6,5.2,1.2
5.36,5.2,2,5.6,5.2,1.2,5.36,5.2,1.2
5.36,5.2,2,5.6,5.2,2.2,5.6,5.2,1.2
5.36,5.2,2,4.4,5.2,2.2,5.6,5.2,2.2
4.4,5,0,4.4,6.2,0,5.6,5,0
4.4,5,0,4.4,5,1.2,4.4,6.2,0
5.8,5,1.2,5.8,5,0,7,5,0
6.76,5,1.2,5.8,5,1.2,7,5,0
6.76,5,2,6.76,5,1.2,7,5,0
7,5,2.2,6.76,5,2,7,5,0
7,5,2.2,7,5,0,7,5.2,1.2
7,5.2,1.2,7,5.2,2.2,7,5,2.2
7,5.2,2.2,5.8,5.2,2.2,7,5,2.2
5.8,5.2,2.2,5.8,5,2.2,7,5,2.2
5.8,5,2.2,5.8,5,2,7,5,2.2
5.8,5,2,6.76,5,2,7,5,2.2
5.8,5.2,2,6.76,5,2,5.8,5,2
5.8,5,2,5.8,5,2.2,5.8,5.2,2
5.8,5.2,2,5.8,5,2.2,5.8,5.2,2.2
5.8,5.2,2,5.8,5.2,2.2,6.76,5.2,2
6.76,5.2,2,6.76,5,2,5.8,5.2,2
6.76,5.2,2,6.76,5.2,1.2,6.76,5,2
6.76,5,2,6.76,5.2,1.2,6.76,5,1.2
6.76,5,1.2,6.76,5.2,1.2,5.8,6.2,1.2
5.8,5,1.2,6.76,5,1.2,5.8,6.2,1.2
5.8,6.2,0,5.8,5,1.2,5.8,6.2,1.2
5.8,6.2,0,5.8,6.2,1.2,7,6.2,0
7,5,0,5.8,6.2,0,7,6.2,0
7,5.2,1.2,7,5,0,7,6.2,0
7,6.2,1.2,7,5.2,1.2,7,6.2,0
7,6.2,0,5.8,6.2,1.2,7,6.2,1.2
5.8,6.2,1.2,6.76,5.2,1.2,7,6.2,1.2
7,6.2,1.2,6.76,5.2,1.2,7,5.2,1.2
6.76,5.2,2,7,5.2,1.2,6.76,5.2,1.2
6.76,5.2,2,7,5.2,2.2,7,5.2,1.2
6.76,5.2,2,5.8,5.2,2.2,7,5.2,2.2
5.8,5,0,5.8,6.2,0,7,5,0
5.8,5,0,5.8,5,1.2,5.8,6.2,0
9,5,1.2,9,5,0,10.2,5,0
9.96,5,1.2,9,5,1.2,10.2,5,0
9.96,5,2,9.96,5,1.2,10.2,5,0
10.2,5,2.2,9.96,5,2,10.2,5,0
10.2,5,2.2,10.2,5,0,10.2,5.2,1.2
10.2,5.2,1.2,10.2,5.2,2.2,10.2,5,2.2
10.2,5.2,2.2,9,5.2,2.2,10.2,5,2.2
9,5.2,2.2,9,5,2.2,10.2,5,2.2
9,5,2.2,9,5,2,10.2,5,2.2
9,5,2,9.96,5,2,10.2,5,2.2
9,5.2,2,9.96,5,2,9,5,2
9,5,2,9,5,2.2,9,5.2,2
9,5.2,2,9,5,2.2,9,5.2,2.2
9,5.2,2,9,5.2,2.2,9.96,5.2,2
9.96,5.2,2,9.96,5,2,9,5.2,2
9.96,5.2,2,9.96,5.2,1.2,9.96,5,2
9.96,5,2,9.96,5.2,1.2,9.96,5,1.2
9.96,5,1.2,9.96,5.2,1.2,9,6.2,1.2
9,5,1.2,9.96,5,1.2,9,6.2,1.2
9,6.2,0,9,5,1.2,9,6.2,1.2
9,6.2,0,9,6.2,1.2,10.2,6.2,0
10.2,5,0,9,6.2,0,10.2,6.2,0
10.2,5.2,1.2,10.2,5,0,10.2,6.2,0
10.2,6.2,1.2,10.2,5.2,1.2,10.2,6.2,0
10.2,6.2,0,9,6.2,1.2,10.2,6.2,1.2
9,6.2,1.2,9.96,5.2,1.2,10.2,6.2,1.2
10.2,6.2,1.2,9.96,5.2,1.2,10.2,5.2,1.2
9.96,5.2,2,10.2,5.2,1.2,9.96,5.2,1.2
9.96,5.2,2,10.2,5.2,2.2,10.2,5.2,1.2
9.96,5.2,2,9,5.2,2.2,10.2,5.2,2.2
9,5,0,9,6.2,0,10.2,5,0
9,5,0,9,5,1.2,9,6.2,0
10.4,5,1.2,10.4,5,0,11.6,5,0
11.36,5,1.2,10.4,5,1.2,11.6,5,0
11.36,5,2,11.36,5,1.2,11.6,5,0
11.6,5,2.2,11.36,5,2,11.6,5,0
11.6,5,2.2,11.6,5,0,11.6,5.2,1.2
11.6,5.2,1.2,11.6,5.2,2.2,11.6,5,2.2
11.6,5.2,2.2,10.4,5.2,2.2,11.6,5,2.2
10.4,5.2,2.2,10.4,5,2.2,11.6,5,2.2
10.4,5,2.2,10.4,5,2,11.6,5,2.2
10.4,5,2,11.36,5,2,11.6,5,2.2
10.4,5.2,2,11.36,5,2,10.4,5,2
10.4,5,2,10.4,5,2.2,10.4,5.2,2
10.4,5.2,2,10.4,5,2.2,10.4,5.2,2.2
10.4,5.2,2,10.4,5.2,2.2,11.36,5.2,2
11.36,5.2,2,11.36,5,2,10.4,5.2,2
11.36,5.2,2,11.36,5.2,1.2,11.36,5,2
11.36,5,2,11.36,5.2,1.2,11.36,5,1.2
11.36,5,1.2,11.36,5.2,1.2,10.4,6.2,1.2
10.4,5,1.2,11.36,5,1.2,10.4,6.2,1.2
10.4,6.2,0,10.4,5,1.2,10.4,6.2,1.2
10.4,6.2,0,10.4,6.2,1.2,11.6,6.2,0
11.6,5,0,10.4,6.2,0,11.6,6.2,0
11.6,5.2,1.2,11.6,5,0,11.6,6.2,0
11.6,6.2,1.2,11.6,5.2,1.2,11.6,6.2,0
11.6,6.2,0,10.4,6.2,1.2,11.6,6.2,1.2
10.4,6.2,1.2,11.36,5.2,1.2,11.6,6.2,1.2
11.6,6.2,1.2,11.36,5.2,1.2,11.6,5.2,1.2
11.36,5.2,2,11.6,5.2,1.2,11.36,5.2,1.2
11.36,5.2,2,11.6,5.2,2.2,11.6,5.2,1.2
11.36,5.2,2,10.4,5.2,2.2,11.6,5.2,2.2
10.4,5,0,10.4,6.2,0,11.6,5,0
10.4,5,0,10.4,5,1.2,10.4,6.2,0
11.8,5,1.2,11.8,5,0,13,5,0
12.76,5,1.2,11.8,5,1.2,13,5,0
12.76,5,2,12.76,5,1.2,13,5,0
13,5,2.2,12.76,5,2,13,5,0
13,5,2.2,13,5,0,13,5.2,1.2
13,5.2,1.2,13,5.2,2.2,13,5,2.2
13,5.2,2.2,11.8,5.2,2.2,13,5,2.2
11.8,5.2,2.2,11.8,5,2.2,13,5,2.2
11.8,5,2.2,11.8,5,2,13,5,2.2
11.8,5,2,12.76,5,2,13,5,2.2
11.8,5.2,2,12.76,5,2,11.8,5,2
11.8,5,2,11.8,5,2.2,11.8,5.2,2
11.8,5.2,2,11.8,5,2.2,11.8,5.2,2.2
11.8,5.2,2,11.8,5.2,2.2,12.76,5.2,2
12.76,5.2,2,12.76,5,2,11.8,5.2,2
12.76,5.2,2,12.76,5.2,1.2,12.76,5,2
12.76,5,2,12.76,5.2,1.2,12.76,5,1.2
12.76,5,1.2,12.76,5.2,1.2,11.8,6.2,1.2
11.8,5,1.2,12.76,5,1.2,11.8,6.2,1.2
11.8,6.2,0,11.8,5,1.2,11.8,6.2,1.2
11.8,6.2,0,11.8,6.2,1.2,13,6.2,0
13,5,0,11.8,6.2,0,13,6.2,0
13,5.2,1.2,13,5,0,13,6.2,0
13,6.2,1.2,13,5.2,1.2,13,6.2,0
13,6.2,0,11.8,6.2,1.2,13,6.2,1.2
11.8,6.2,1.2,12.76,5.2,1.2,13,6.2,1.2
13,6.2,1.2,12.76,5.2,1.2,13,5.2,1.2
12.76,5.2,2,13,5.2,1.2,12.76,5.2,1.2
12.76,5.2,2,13,5.2,2.2,13,5.2,1.2
12.76,5.2,2,11.8,5.2,2.2,13,5.2,2.2
11.8,5,0,11.8,6.2,0,13,5,0
11.8,5,0,11.8,5,1.2,11.8,6.2,0
15,5,1.2,15,5,0,16.2,5,0
15.96,5,1.2,15,5,1.2,16.2,5,0
15.96,5,2,15.96,5,1.2,16.2,5,0
16.2,5,2.2,15.96,5,2,16.2,5,0
16.2,5,2.2,16.2,5,0,16.2,5.2,1.2
16.2,5.2,1.2,16.2,5.2,2.2,16.2,5,2.2
16.2,5.2,2.2,15,5.2,2.2,16.2,5,2.2
15,5.2,2.2,15,5,2.2,16.2,5,2.2
15,5,2.2,15,5,2,16.2,5,2.2
15,5,2,15.96,5,2,16.2,5,2.2
15,5.2,2,15.96,5,2,15,5,2
15,5,2,15,5,2.2,15,5.2,2
15,5.2,2,15,5,2.2,15,5.2,2.2
15,5.2,2,15,5.2,2.2,15.96,5.2,2
15.96,5.2,2,15.96,5,2,15,5.2,2
15.96,5.2,2,15.96,5.2,1.2,15.96,5,2
15.96,5,2,15.96,5.2,1.2,15.96,5,1.2
15.96,5,1.2,15.96,5.2,1.2,15,6.2,1.2
15,5,1.2,15.96,5,1.2,15,6.2,1.2
15,6.2,0,15,5,1.2,15,6.2,1.2
15,6.2,0,15,6.2,1.2,16.2,6.2,0
16.2,5,0,15,6.2,0,16.2,6.2,0
16.2,5.2,1.2,16.2,5,0,16.2,6.2,0
16.2,6.2,1.2,16.2,5.2,1.2,16.2,6.2,0
16.2,6.2,0,15,6.2,1.2,16.2,6.2,1.2
15,6.2,1.2,15.96,5.2,1.2,16.2,6.2,1.2
16.2,6.2,1.2,15.96,5.2,1.2,16.2,5.2,1.2
15.96,5.2,2,16.2,5.2,1.2,15.96,5.2,1.2
15.96,5.2,2,16.2,5.2,2.2,16.2,5.2,1.2
15.96,5.2,2,15,5.2,2.2,16.2,5.2,2.2
15,5,0,15,6.2,0,16.2,5,0
15,5,0,15,5,1.2,15,6.2,0
16.4,5,1.2,16.4,5,0,17.6,5,0
17.36,5,1.2,16.4,5,1.2,17.6,5,0
17.36,5,2,17.36,5,1.2,17.6,5,0
17.6,5,2.2,17.36,5,2,17.6,5,0
17.6,5,2.2,17.6,5,0,17.6,5.2,1.2
17.6,5.2,1.2,17.6,5.2,2.2,17.6,5,2.2
17.6,5.2,2.2,16.4,5.2,2.2,17.6,5,2.2
16.4,5.2,2.2,16.4,5,2.2,17.6,5,2.2
16.4,5,2.2,16.4,5,2,17.6,5,2.2
16.4,5,2,17.36,5,2,17.6,5,2.2
16.4,5.2,2,17.36,5,2,16.4,5,2
16.4,5,2,16.4,5,2.2,16.4,5.2,2
16.4,5.2,2,16.4,5,2.2,16.4,5.2,2.2
16.4,5.2,2,16.4,5.2,2.2,17.36,5.2,2
17.36,5.2,2,17.36,5,2,16.4,5.2,2
17.36,5.2,2,17.36,5.2,1.2,17.36,5,2
17.36,5,2,17.36,5.2,1.2,17.36,5,1.2
17.36,5,1.2,17.36,5.2,1.2,16.4,6.2,1.2
16.4,5,1.2,17.36,5,1.2,16.4,6.2,1.2
16.4,6.2,0,16.4,5,1.2,16.4,6.2,1.2
16.4,6.2,0,16.4,6.2,1.2,17.6,6.2,0
17.6,5,0,16.4,6.2,0,17.6,6.2,0
17.6,5.2,1.2,17.6,5,0,17.6,6.2,0
17.6,6.2,1.2,17.6,5.2,1.2,17.6,6.2,0
17.6,6.2,0,16.4,6.2,1.2,17.6,6.2,1.2
16.4,6.2,1.2,17.36,5.2,1.2,17.6,6.2,1.2
17.6,6.2,1.2,17.36,5.2,1.2,17.6,5.2,1.2
17.36,5.2,2,17.6,5.2,1.2,17.36,5.2,1.2
17.36,5.2,2,17.6,5.2,2.2,17.6,5.2,1.2
17.36,5.2,2,16.4,5.2,2.2,17.6,5.2,2.2
16.4,5,0,16.4,6.2,0,17.6,5,0
16.4,5,0,16.4,5,1.2,16.4,6.2,0
17.8,5,1.2,17.8,5,0,19,5,0
18.76,5,1.2,17.8,5,1.2,19,5,0
18.76,5,2,18.76,5,1.2,19,5,0
19,5,2.2,18.76,5,2,19,5,0
19,5,2.2,19,5,0,19,5.2,1.2
19,5.2,1.2,19,5.2,2.2,19,5,2.2
19,5.2,2.2,17.8,5.2,2.2,19,5,2.2
17.8,5.2,2.2,17.8,5,2.2,19,5,2.2
17.8,5,2.2,17.8,5,2,19,5,2.2
17.8,5,2,18.76,5,2,19,5,2.2
17.8,5.2,2,18.76,5,2,17.8,5,2
17.8,5,2,17.8,5,2.2,17.8,5.2,2
17.8,5.2,2,17.8,5,2.2,17.8,5.2,2.2
17.8,5.2,2,17.8,5.2,2.2,18.76,5.2,2
18.76,5.2,2,18.76,5,2,17.8,5.2,2
18.76,5.2,2,18.76,5.2,1.2,18.76,5,2
18.76,5,2,18.76,5.2,1.2,18.76,5,1.2
18.76,5,1.2,18.76,5.2,1.2,17.8,6.2,1.2
17.8,5,1.2,18.76,5,1.2,17.8,6.2,1.2
17.8,6.2,0,17.8,5,1.2,17.8,6.2,1.2
17.8,6.2,0,17.8,6.2,1.2,19,6.2,0
19,5,0,17.8,6.2,0,19,6.2,0
19,5.2,1.2,19,5,0,19,6.2,0
19,6.2,1.2,19,5.2,1.2,19,6.2,0
19,6.2,0,17.8,6.2,1.2,19,6.2,1.2
17.8,6.2,1.2,18.76,5.2,1.2,19,6.2,1.2
19,6.2,1.2,18.76,5.2,1.2,19,5.2,1.2
18.76,5.2,2,19,5.2,1.2,18.76,5.2,1.2
18.76,5.2,2,19,5.2,2.2,19,5.2,1.2
18.76,5.2,2,17.8,5.2,2.2,19,5.2,2.2
17.8,5,0,17.8,6.2,0,19,5,0
17.8,5,0,17.8,5,1.2,17.8,6.2,0
1,14,0,1,14,4,1,17,0
1,14,0,1,17,0,2,14,0
1,14,4,1,14,0,2,14,0
2,14,4,1,14,4,2,14,0
2,14,4,2,14,0,2,17,0
2,17,4,2,14,4,2,17,0
2,17,0,1,17,4,2,17,4
2,17,4,1,17,4,2,14,4
1,17,4,1,14,4,2,14,4
1,17,0,1,14,4,1,17,4
1,17,0,1,17,4,2,17,0
2,14,0,1,17,0,2,17,0
1,8,0,1,8,4,1,11,0
1,8,0,1,11,0,2,8,0
1,8,4,1,8,0,2,8,0
2,8,4,1,8,4,2,8,0
2,8,4,2,8,0,2,11,0
2,11,4,2,8,4,2,11,0
2,11,0,1,11,4,2,11,4
2,11,4,1,11,4,2,8,4
1,11,4,1,8,4,2,8,4
1,11,0,1,8,4,1,11,4
1,11,0,1,11,4,2,11,0
2,8,0,1,11,0,2,11,0
1,2,0,1,2,4,1,5,0
1,2,0,1,5,0,2,2,0
1,2,4,1,2,0,2,2,0
2,2,4,1,2,4,2,2,0
2,2,4,2,2,0,2,5,0
2,5,4,2,2,4,2,5,0
2,5,0,1,5,4,2,5,4
2,5,4,1,5,4,2,2,4
1,5,4,1,2,4,2,2,4
1,5,0,1,2,4,1,5,4
1,5,0,1,5,4,2,5,0
2,2,0,1,5,0,2,5,0
23,14,0,23,14,4,23,17,0
23,14,0,23,17,0,24,14,0
23,14,4,23,14,0,24,14,0
24,14,4,23,14,4,24,14,0
24,14,4,24,14,0,24,17,0
24,17,4,24,14,4,24,17,0
24,17,0,23,17,4,24,17,4
24,17,4,23,17,4,24,14,4
23,17,4,23,14,4,24,14,4
23,17,0,23,14,4,23,17,4
23,17,0,23,17,4,24,17,0
24,14,0,23,17,0,24,17,0
23,8,0,23,8,4,23,11,0
23,8,0,23,11,0,24,8,0
23,8,4,23,8,0,24,8,0
24,8,4,23,8,4,24,8,0
24,8,4,24,8,0,24,11,0
24,11,4,24,8,4,24,11,0
24,11,0,23,11,4,24,11,4
24,11,4,23,11,4,24,8,4
23,11,4,23,8,4,24,8,4
23,11,0,23,8,4,23,11,4
23,11,0,23,11,4,24,11,0
24,8,0,23,11,0,24,11,0
23,2,0,23,2,4,23,5,0
23,2,0,23,5,0,24,2,0
23,2,4,23,2,0,24,2,0
24,2,4,23,2,4,24,2,0
24,2,4,24,2,0,24,5,0
24,5,4,24,2,4,24,5,0
24,5,0,23,5,4,24,5,4
24,5,4,23,5,4,24,2,4
23,5,4,23,2,4,24,2,4
23,5,0,23,2,4,23,5,4
23,5,0,23,5,4,24,5,0
24,2,0,23,5,0,24,5,0
